time,ax,ay,az,atotal
0.000,-0.00,0.01,-0.01,0.01
0.010,0.00,-0.00,-0.01,0.01
0.020,-0.00,0.01,0.01,0.01
0.030,0.02,0.01,-0.00,0.02
0.040,0.01,0.01,-0.00,0.02
0.050,0.02,0.02,-0.02,0.03
0.060,0.01,0.01,-0.01,0.02
0.070,0.01,0.01,-0.00,0.02
0.080,0.02,0.02,-0.01,0.02
0.090,0.01,0.00,-0.01,0.01
0.100,0.01,-0.01,-0.01,0.02
0.110,0.01,0.03,0.00,0.03
0.120,0.02,0.02,-0.00,0.03
0.130,0.02,0.02,-0.01,0.03
0.140,0.04,0.02,-0.00,0.04
0.150,0.03,0.01,-0.02,0.04
0.160,0.04,0.01,0.00,0.04
0.170,0.03,0.01,-0.01,0.03
0.180,0.02,0.01,-0.02,0.02
0.190,0.03,0.01,-0.00,0.03
0.200,0.02,0.01,-0.02,0.03
0.210,0.01,0.02,-0.01,0.03
0.220,0.02,0.03,-0.01,0.04
0.230,0.02,0.03,-0.02,0.04
0.240,0.01,0.02,-0.01,0.03
0.250,0.02,0.01,-0.00,0.02
0.260,0.00,0.01,-0.00,0.01
0.270,0.00,0.01,-0.01,0.02
0.280,-0.01,0.03,-0.01,0.03
0.290,-0.01,0.02,-0.01,0.02
0.300,0.01,0.02,0.00,0.02
0.310,0.00,0.01,-0.01,0.01
0.320,-0.01,0.02,-0.01,0.02
0.329,-0.00,0.01,-0.01,0.02
0.340,-0.00,0.02,-0.01,0.02
0.349,0.01,-0.01,-0.02,0.02
0.359,-0.01,0.01,-0.01,0.02
0.370,-0.03,0.03,-0.00,0.04
0.379,-0.03,0.02,-0.00,0.04
0.389,-0.01,0.00,0.00,0.01
0.399,-0.00,0.01,-0.01,0.02
0.409,-0.02,0.01,-0.01,0.03
0.419,-0.01,0.01,-0.01,0.02
0.429,0.02,0.02,-0.01,0.02
0.439,0.00,0.02,0.01,0.02
0.449,0.01,0.01,-0.01,0.02
0.459,0.02,0.02,-0.01,0.03
0.469,0.01,0.00,-0.01,0.02
0.479,0.02,0.02,-0.01,0.03
0.489,0.01,0.01,0.00,0.02
0.499,0.01,0.02,0.00,0.03
0.509,0.01,0.01,-0.01,0.02
0.519,0.00,0.01,-0.02,0.03
0.529,0.01,0.01,-0.01,0.02
0.539,-0.00,0.00,-0.00,0.00
0.549,0.02,0.01,0.00,0.02
0.559,0.01,0.02,-0.00,0.03
0.569,0.01,-0.00,-0.00,0.02
0.579,0.02,0.01,-0.00,0.02
0.589,0.02,0.01,-0.01,0.03
0.599,0.03,0.01,-0.01,0.04
0.609,0.02,0.02,-0.00,0.03
0.619,0.02,0.02,0.00,0.03
0.629,0.01,0.01,-0.01,0.01
0.639,0.02,0.00,-0.00,0.02
0.649,0.02,0.01,-0.01,0.03
0.659,0.01,0.01,-0.01,0.02
0.669,0.02,0.02,-0.00,0.03
0.679,0.02,0.02,0.00,0.02
0.689,0.02,0.01,-0.01,0.03
0.699,0.02,-0.00,-0.01,0.02
0.709,-0.01,0.00,-0.00,0.01
0.719,-0.01,0.01,-0.01,0.02
0.729,-0.00,0.01,-0.01,0.02
0.739,0.01,0.03,-0.01,0.04
0.749,-0.01,0.01,-0.02,0.02
0.759,-0.02,0.01,-0.01,0.02
0.769,-0.00,0.03,-0.01,0.03
0.779,-0.01,0.02,-0.02,0.03
0.789,-0.01,0.03,-0.01,0.03
0.799,-0.00,0.02,-0.01,0.03
0.809,-0.02,0.03,0.00,0.04
0.819,-0.03,0.03,-0.01,0.04
0.829,-0.04,0.02,-0.01,0.04
0.839,-0.01,0.02,-0.03,0.03
0.849,-0.02,0.01,0.00,0.02
0.859,-0.01,0.00,0.00,0.01
0.869,0.01,0.01,0.00,0.01
0.879,0.00,0.02,-0.00,0.02
0.889,0.01,0.03,-0.01,0.03
0.899,0.00,0.02,-0.01,0.02
0.909,-0.00,0.04,-0.02,0.04
0.919,-0.00,0.00,-0.01,0.01
0.929,-0.01,0.01,0.00,0.02
0.939,-0.03,-0.02,0.00,0.03
0.948,0.02,-0.01,-0.01,0.02
0.959,0.03,-0.00,-0.01,0.03
0.968,0.00,0.03,-0.01,0.03
0.978,0.03,0.05,-0.02,0.06
0.988,0.02,0.05,-0.01,0.05
0.998,0.02,0.03,-0.02,0.04
1.008,0.03,-0.00,0.00,0.03
1.018,0.03,-0.02,0.00,0.03
1.028,0.02,-0.00,0.01,0.02
1.038,0.02,0.02,-0.01,0.03
1.048,0.03,0.05,-0.01,0.06
1.058,0.02,0.05,-0.03,0.06
1.068,0.03,0.04,-0.03,0.06
1.078,0.00,0.01,-0.01,0.01
1.088,0.01,0.01,0.01,0.02
1.098,0.01,-0.01,0.00,0.01
1.108,-0.02,0.03,0.00,0.03
1.118,-0.01,0.02,-0.01,0.03
1.128,-0.01,0.04,-0.01,0.04
1.138,0.01,0.04,-0.00,0.04
1.148,0.02,0.02,-0.01,0.02
1.158,0.02,-0.01,-0.00,0.02
1.168,0.03,-0.00,-0.01,0.03
1.178,0.02,0.01,-0.00,0.02
1.188,0.01,0.01,-0.01,0.02
1.198,-0.00,0.02,-0.01,0.02
1.208,-0.00,0.02,-0.01,0.03
1.218,-0.02,0.01,-0.02,0.03
1.228,-0.02,0.00,-0.02,0.03
1.238,-0.04,0.00,-0.00,0.04
1.248,-0.05,0.01,-0.02,0.05
1.258,-0.04,0.01,-0.01,0.04
1.268,-0.03,0.03,-0.01,0.05
1.278,0.00,0.04,-0.01,0.04
1.288,-0.02,0.03,-0.01,0.04
1.298,0.00,0.02,-0.01,0.02
1.308,0.01,0.02,-0.02,0.03
1.318,0.00,0.01,-0.01,0.02
1.328,0.02,0.00,-0.00,0.02
1.338,0.03,0.02,-0.01,0.04
1.348,0.01,0.01,-0.02,0.03
1.358,0.02,0.01,-0.02,0.02
1.368,0.00,0.01,-0.01,0.01
1.378,-0.01,0.00,-0.01,0.01
1.388,-0.01,0.02,-0.00,0.02
1.398,0.01,0.02,-0.02,0.03
1.408,-0.02,0.03,-0.01,0.04
1.418,-0.02,0.03,-0.02,0.04
1.428,-0.02,0.02,-0.00,0.02
1.438,-0.01,0.01,0.00,0.02
1.448,0.00,0.00,-0.00,0.00
1.458,0.04,0.00,0.01,0.04
1.468,0.05,0.01,-0.00,0.05
1.478,0.07,0.02,-0.00,0.07
1.488,0.04,0.02,0.01,0.05
1.498,0.05,-0.00,-0.01,0.05
1.507,0.05,-0.00,-0.03,0.05
1.518,0.04,-0.01,0.00,0.04
1.527,0.01,-0.01,0.01,0.02
1.538,0.01,0.00,-0.03,0.03
1.548,-0.01,0.02,-0.01,0.03
1.558,-0.00,0.03,-0.02,0.04
1.568,0.00,0.03,-0.02,0.04
1.577,-0.01,0.01,-0.01,0.02
1.588,0.00,-0.00,-0.00,0.01
1.598,-0.01,0.01,-0.00,0.02
1.607,-0.01,0.00,0.01,0.01
1.617,-0.00,0.02,0.00,0.02
1.627,0.02,0.02,-0.01,0.03
1.637,-0.00,0.03,-0.01,0.04
1.647,0.00,0.02,-0.02,0.03
1.657,0.01,0.01,-0.02,0.02
1.667,-0.01,-0.01,0.00,0.01
1.677,-0.01,-0.00,-0.01,0.01
1.687,-0.02,0.01,-0.02,0.03
1.697,-0.03,0.02,-0.02,0.04
1.707,-0.02,0.03,-0.00,0.04
1.717,-0.01,0.02,-0.01,0.03
1.727,-0.01,0.02,-0.01,0.02
1.737,-0.04,0.01,-0.00,0.04
1.747,-0.02,0.02,-0.01,0.03
1.757,-0.01,0.02,-0.01,0.02
1.767,-0.01,0.02,-0.01,0.03
1.777,-0.02,0.02,-0.01,0.03
1.787,0.02,0.02,-0.00,0.03
1.797,0.01,0.01,0.00,0.01
1.807,0.00,0.01,0.02,0.02
1.817,0.02,0.02,0.00,0.03
1.827,0.01,0.02,-0.02,0.02
1.837,0.03,0.00,-0.01,0.03
1.847,0.02,0.02,-0.00,0.02
1.857,0.01,0.01,-0.01,0.02
1.867,0.01,0.00,-0.00,0.01
1.877,0.02,-0.01,-0.00,0.02
1.887,0.03,-0.01,0.01,0.03
1.897,0.01,0.00,0.00,0.01
1.907,0.02,0.03,-0.01,0.04
1.917,0.02,0.03,-0.03,0.04
1.927,0.01,0.04,-0.02,0.04
1.937,0.00,0.02,0.00,0.02
1.947,0.01,-0.01,0.01,0.02
1.957,0.01,0.00,0.00,0.01
1.967,0.02,-0.01,-0.00,0.02
1.977,0.01,0.02,-0.02,0.03
1.987,0.03,0.04,-0.04,0.06
1.997,0.03,0.03,-0.00,0.05
2.007,0.02,0.02,-0.02,0.03
2.017,0.03,0.01,-0.01,0.03
2.027,-0.01,-0.00,0.01,0.01
2.037,-0.00,-0.00,0.01,0.01
2.047,0.02,0.01,-0.01,0.02
2.057,-0.00,0.02,-0.00,0.02
2.067,-0.00,0.04,-0.01,0.04
2.077,-0.00,0.02,-0.02,0.03
2.087,-0.01,0.01,-0.01,0.02
2.097,-0.01,-0.01,-0.01,0.02
2.107,0.00,-0.02,-0.01,0.02
2.117,0.00,-0.01,0.00,0.01
2.127,0.00,0.01,-0.01,0.02
2.137,0.00,0.03,-0.02,0.04
2.147,0.01,0.03,-0.03,0.04
2.157,0.01,0.01,-0.01,0.02
2.167,-0.02,0.00,-0.00,0.02
2.177,-0.02,0.00,-0.02,0.03
2.186,-0.01,0.02,0.00,0.02
2.197,-0.03,0.02,-0.00,0.03
2.207,-0.01,0.02,-0.02,0.03
2.216,-0.02,0.02,-0.01,0.03
2.226,-0.02,0.03,-0.00,0.04
2.236,-0.02,0.03,-0.01,0.04
2.246,-0.01,0.00,0.02,0.02
2.257,-0.00,0.01,-0.00,0.01
2.266,0.02,0.02,-0.00,0.03
2.276,0.02,0.01,-0.01,0.02
2.286,0.00,0.03,-0.00,0.03
2.296,0.04,0.03,-0.02,0.05
2.306,0.01,0.01,-0.03,0.03
2.316,0.03,0.00,-0.01,0.03
2.326,0.01,0.01,-0.01,0.01
2.336,0.00,0.01,0.00,0.01
2.346,-0.01,0.01,0.01,0.02
2.356,-0.02,0.02,-0.02,0.03
2.366,-0.03,0.02,-0.01,0.04
2.376,0.02,0.02,-0.00,0.03
2.386,0.02,0.01,-0.00,0.02
2.396,0.03,0.00,-0.00,0.03
2.406,0.04,0.02,0.01,0.05
2.416,0.03,0.02,-0.01,0.04
2.426,0.01,0.02,-0.01,0.02
2.436,0.00,0.02,-0.00,0.02
2.446,0.02,0.01,0.00,0.02
2.456,0.01,0.01,-0.01,0.02
2.466,0.01,0.01,-0.01,0.02
2.476,-0.00,0.02,-0.00,0.02
2.486,0.01,0.02,-0.01,0.02
2.496,0.00,0.02,0.01,0.02
2.506,-0.02,0.01,-0.01,0.03
2.516,-0.02,0.03,-0.01,0.04
2.526,-0.01,0.02,0.00,0.03
2.536,-0.02,0.01,-0.01,0.03
2.546,0.01,-0.00,0.01,0.01
2.556,0.02,0.02,-0.01,0.03
2.566,0.03,0.01,-0.01,0.03
2.576,0.03,0.02,-0.02,0.04
2.586,0.03,0.01,-0.00,0.03
2.596,0.01,0.00,-0.01,0.02
2.606,-0.00,0.02,-0.00,0.02
2.616,-0.02,0.00,-0.01,0.02
2.626,-0.03,0.01,-0.00,0.03
2.636,-0.03,0.03,0.00,0.04
2.646,-0.03,0.02,0.00,0.04
2.656,-0.03,0.03,-0.01,0.04
2.666,-0.01,0.01,-0.02,0.02
2.676,-0.00,0.02,-0.01,0.02
2.686,0.01,0.00,-0.01,0.02
2.696,-0.00,0.01,-0.01,0.02
2.706,0.02,0.02,-0.01,0.03
2.716,0.00,0.02,-0.01,0.02
2.726,0.01,0.02,-0.01,0.02
2.736,0.02,0.01,-0.01,0.02
2.746,0.01,0.02,-0.01,0.02
2.756,0.01,0.01,0.00,0.01
2.766,-0.02,0.01,-0.01,0.02
2.776,0.00,0.01,0.00,0.01
2.786,-0.02,0.01,-0.02,0.03
2.796,-0.02,0.01,-0.02,0.03
2.806,0.01,0.03,0.00,0.03
2.816,0.00,0.01,0.01,0.02
2.825,0.01,0.01,-0.01,0.02
2.835,0.03,0.01,-0.01,0.03
2.845,0.03,0.02,-0.02,0.04
2.855,0.02,0.01,-0.00,0.02
2.865,0.03,0.01,-0.00,0.03
2.875,0.02,0.02,-0.01,0.03
2.885,0.02,0.01,0.00,0.03
2.895,0.01,0.02,-0.02,0.03
2.905,0.00,0.00,-0.01,0.01
2.915,-0.00,0.04,-0.01,0.04
2.925,0.00,0.04,-0.01,0.04
2.935,-0.01,0.01,-0.00,0.01
2.945,0.02,0.01,-0.01,0.03
2.955,0.02,0.03,-0.00,0.04
2.965,0.01,0.02,-0.00,0.02
2.975,0.01,0.04,0.01,0.04
2.985,0.00,0.01,0.00,0.01
2.995,0.00,0.03,0.00,0.03
3.005,0.01,0.01,-0.01,0.02
3.015,-0.01,0.01,-0.01,0.01
3.025,0.01,0.01,-0.01,0.02
3.035,0.01,0.03,-0.01,0.03
3.045,-0.02,0.03,-0.01,0.03
3.055,-0.03,0.03,-0.01,0.04
3.065,-0.02,0.02,0.01,0.03
3.075,-0.01,0.01,0.00,0.02
3.085,-0.03,0.02,0.00,0.04
3.095,-0.00,0.01,-0.00,0.01
3.105,-0.01,0.01,-0.00,0.02
3.115,0.02,0.05,-0.01,0.05
3.125,0.02,0.02,-0.01,0.03
3.135,0.01,0.01,0.00,0.01
3.145,0.00,0.01,-0.02,0.02
3.155,0.00,0.00,0.01,0.01
3.165,0.02,0.02,0.00,0.03
3.175,-0.00,0.03,-0.00,0.03
3.185,-0.01,0.03,0.00,0.03
3.195,-0.01,0.03,-0.01,0.03
3.205,-0.01,0.02,-0.02,0.04
3.215,-0.02,0.01,-0.02,0.03
3.225,0.01,0.01,0.00,0.01
3.235,0.00,0.01,-0.00,0.01
3.245,0.01,0.02,-0.03,0.04
3.255,0.01,0.02,-0.02,0.03
3.265,0.04,0.01,-0.01,0.04
3.275,0.03,0.01,-0.01,0.03
3.285,0.03,-0.00,-0.01,0.03
3.295,0.03,0.00,-0.01,0.03
3.305,0.03,0.01,-0.01,0.03
3.315,-0.00,0.02,-0.02,0.03
3.325,0.03,0.03,-0.00,0.04
3.335,0.00,0.03,-0.00,0.03
3.345,-0.00,0.01,-0.01,0.01
3.355,-0.02,0.00,-0.01,0.02
3.365,-0.01,0.00,0.01,0.01
3.375,0.01,0.03,-0.00,0.04
3.385,0.00,0.03,-0.01,0.03
3.395,0.01,0.02,-0.01,0.02
3.404,0.03,0.02,-0.00,0.03
3.415,0.02,0.00,0.01,0.02
3.425,0.01,0.00,0.00,0.01
3.435,0.01,0.01,-0.00,0.02
3.444,0.02,0.02,-0.01,0.03
3.455,-0.01,0.03,-0.02,0.04
3.464,-0.02,0.03,-0.02,0.04
3.475,-0.03,0.02,-0.01,0.03
3.484,-0.03,0.02,-0.02,0.04
3.494,-0.02,0.01,-0.02,0.03
3.504,-0.01,0.01,-0.01,0.01
3.514,-0.02,0.01,-0.03,0.04
3.524,-0.01,0.01,-0.00,0.01
3.534,0.01,0.02,0.00,0.02
3.544,-0.01,0.02,-0.02,0.03
3.554,0.00,0.03,-0.01,0.03
3.564,0.02,0.02,0.00,0.03
3.574,-0.00,0.02,-0.01,0.02
3.584,-0.00,0.01,-0.00,0.01
3.594,-0.00,0.02,-0.01,0.02
3.604,-0.00,0.04,-0.01,0.05
3.614,-0.02,0.02,-0.03,0.03
3.624,0.01,0.02,-0.03,0.03
3.634,-0.01,0.01,-0.01,0.01
3.644,0.01,0.00,-0.02,0.02
3.654,-0.01,0.01,-0.01,0.02
3.664,-0.01,0.01,-0.01,0.01
3.674,0.01,0.01,-0.02,0.03
3.684,0.01,0.02,-0.01,0.02
3.694,0.01,0.03,-0.02,0.04
3.704,-0.01,0.01,-0.00,0.01
3.714,0.02,-0.02,-0.01,0.03
3.724,0.03,0.01,-0.00,0.04
3.734,0.01,0.02,-0.01,0.02
3.744,-0.00,0.02,-0.01,0.02
3.754,0.02,0.03,-0.02,0.04
3.764,0.01,0.03,-0.02,0.03
3.774,0.00,-0.01,-0.02,0.02
3.784,-0.01,0.02,0.00,0.02
3.794,0.01,0.01,0.00,0.01
3.804,0.02,0.01,-0.02,0.03
3.814,0.01,0.03,-0.04,0.05
3.824,0.01,0.05,-0.02,0.05
3.834,0.02,0.04,-0.02,0.05
3.844,0.01,0.01,-0.00,0.01
3.854,-0.00,-0.01,-0.00,0.01
3.864,0.01,-0.01,-0.00,0.02
3.874,0.00,0.01,-0.01,0.01
3.884,-0.01,0.01,-0.01,0.01
3.894,0.01,0.04,-0.01,0.04
3.904,0.00,0.02,-0.02,0.03
3.914,-0.00,0.01,-0.02,0.02
3.924,-0.02,0.01,0.00,0.02
3.934,-0.02,-0.00,-0.00,0.02
3.944,0.00,0.01,-0.01,0.01
3.954,0.01,0.02,0.00,0.02
3.964,-0.00,0.04,-0.01,0.04
3.974,-0.00,0.02,-0.03,0.03
3.984,0.02,0.02,-0.01,0.03
3.994,0.02,0.01,0.01,0.03
4.004,0.00,0.01,0.00,0.01
4.014,0.02,0.03,-0.02,0.04
4.024,0.01,0.04,-0.01,0.04
4.034,0.01,0.03,-0.02,0.04
4.044,-0.00,0.03,-0.01,0.03
4.054,-0.00,0.01,-0.01,0.02
4.063,0.01,0.01,-0.00,0.01
4.074,-0.00,0.00,0.01,0.01
4.084,-0.01,0.01,-0.01,0.02
4.093,0.00,0.04,-0.01,0.04
4.103,0.00,0.03,-0.02,0.03
4.113,0.00,0.01,-0.01,0.02
4.123,0.01,0.03,-0.01,0.03
4.133,0.02,0.00,-0.00,0.02
4.143,-0.00,-0.01,0.01,0.01
4.153,0.01,0.01,0.01,0.01
4.163,0.02,0.01,-0.02,0.03
4.173,0.01,0.02,-0.01,0.03
4.183,0.00,0.03,-0.02,0.04
4.193,-0.01,0.03,-0.01,0.03
4.203,-0.01,0.02,-0.02,0.03
4.213,0.02,0.01,0.00,0.02
4.223,-0.00,-0.01,-0.00,0.01
4.233,-0.01,-0.01,-0.01,0.01
4.243,0.42,-0.02,-0.01,0.42
4.253,0.37,0.08,0.02,0.38
4.263,0.24,-0.05,-0.07,0.25
4.273,0.97,-0.00,-0.01,0.97
4.283,0.15,0.00,-0.05,0.16
4.293,0.80,0.06,0.02,0.80
4.303,0.39,-0.05,-0.05,0.39
4.313,0.95,0.09,0.02,0.95
4.323,0.24,0.02,-0.01,0.24
4.333,0.38,0.08,-0.02,0.39
4.343,0.72,0.11,0.01,0.73
4.353,0.27,0.06,0.00,0.28
4.363,0.23,0.12,0.02,0.26
4.373,0.44,0.08,0.01,0.44
4.383,0.58,0.08,0.01,0.58
4.393,0.23,0.09,-0.01,0.25
4.403,0.40,0.19,0.07,0.45
4.413,0.52,0.14,0.06,0.54
4.423,0.42,0.11,0.02,0.43
4.433,0.44,0.18,0.05,0.48
4.443,0.47,0.09,0.04,0.48
4.453,0.40,0.13,0.03,0.42
4.463,0.78,0.11,0.04,0.79
4.473,0.25,0.03,0.02,0.26
4.483,0.54,0.03,0.03,0.55
4.493,0.39,0.08,-0.01,0.40
4.503,0.77,0.13,0.03,0.78
4.513,0.31,0.07,0.02,0.31
4.523,0.58,0.04,0.04,0.58
4.533,0.51,-0.04,0.00,0.51
4.543,0.43,0.04,0.02,0.43
4.553,0.62,0.00,0.01,0.62
4.563,0.52,-0.06,-0.03,0.52
4.573,0.34,0.04,-0.02,0.35
4.583,0.76,0.06,0.01,0.76
4.593,0.69,-0.07,0.01,0.69
4.603,0.40,0.04,0.07,0.41
4.613,0.44,-0.24,-0.00,0.51
4.623,0.70,0.01,0.02,0.70
4.633,0.54,0.01,-0.03,0.54
4.643,0.55,-0.04,-0.09,0.56
4.653,0.59,-0.10,-0.13,0.61
4.662,0.65,0.00,-0.10,0.66
4.673,0.57,-0.11,-0.09,0.59
4.682,0.63,-0.07,-0.04,0.64
4.693,0.53,-0.16,-0.02,0.55
4.702,0.66,-0.23,-0.01,0.70
4.713,0.43,-0.13,0.02,0.45
4.722,0.71,-0.08,0.07,0.72
4.732,0.41,-0.21,0.10,0.47
4.742,0.65,-0.29,0.06,0.72
4.752,0.32,-0.25,0.04,0.40
4.762,0.38,-0.14,-0.06,0.41
4.772,0.47,0.02,-0.14,0.49
4.782,0.52,0.18,-0.08,0.56
4.792,0.42,-0.37,-0.18,0.59
4.802,0.61,-0.15,0.01,0.62
4.812,0.61,-0.12,0.10,0.63
4.822,0.57,-0.19,0.11,0.61
4.832,0.56,-0.26,0.06,0.62
4.842,0.45,-0.05,0.05,0.45
4.852,0.60,0.15,0.01,0.62
4.862,0.34,-0.06,-0.08,0.35
4.872,0.56,-0.03,-0.14,0.58
4.882,0.41,0.28,-0.06,0.50
4.892,0.66,0.16,-0.08,0.68
4.902,0.42,0.19,0.02,0.47
4.912,0.40,0.02,0.02,0.40
4.922,0.57,-0.08,0.06,0.58
4.932,0.47,0.59,0.36,0.84
4.942,0.34,-0.43,0.01,0.55
4.952,0.45,0.33,0.14,0.58
4.962,0.54,0.09,0.02,0.54
4.972,0.60,0.39,-0.00,0.71
4.982,0.30,0.32,-0.09,0.44
4.992,0.66,0.37,-0.03,0.75
5.002,0.55,-0.11,-0.20,0.59
5.012,0.58,0.34,-0.09,0.68
5.022,0.72,0.47,0.00,0.86
5.032,0.58,0.07,-0.03,0.58
5.042,0.62,0.08,0.12,0.63
5.052,0.58,-0.22,0.09,0.63
5.062,0.64,0.26,0.22,0.72
5.072,0.50,-0.16,0.05,0.53
5.082,0.40,-0.02,-0.03,0.40
5.092,0.62,0.12,-0.03,0.63
5.102,0.81,0.29,0.01,0.86
5.112,0.25,-0.11,-0.09,0.29
5.122,0.77,0.10,-0.07,0.78
5.132,0.62,0.21,-0.02,0.65
5.142,0.70,0.09,-0.02,0.70
5.152,0.29,-0.10,-0.03,0.31
5.162,0.69,0.11,0.06,0.70
5.172,0.73,0.08,0.03,0.74
5.182,0.31,-0.34,-0.19,0.50
5.192,0.37,0.65,0.08,0.75
5.202,1.02,-0.02,-0.17,1.04
5.212,0.00,-0.11,-0.17,0.21
5.222,1.15,1.41,0.46,1.88
5.232,-0.19,-1.01,-0.18,1.04
5.242,0.84,0.52,0.35,1.05
5.252,0.30,0.17,0.32,0.47
5.261,0.57,-0.08,0.05,0.58
5.272,0.02,0.11,0.01,0.12
5.282,0.62,0.96,0.13,1.15
5.292,0.07,-0.49,-0.51,0.70
5.302,0.52,1.18,-0.16,1.30
5.312,0.22,0.65,-0.28,0.74
5.321,0.79,1.03,0.03,1.29
5.332,-0.07,0.14,0.10,0.19
5.341,-0.04,0.19,0.42,0.46
5.352,0.30,-0.26,0.34,0.52
5.361,0.06,0.06,0.32,0.33
5.371,-0.01,-0.33,-0.24,0.40
5.381,0.47,1.07,-0.07,1.17
5.392,0.06,0.60,-0.37,0.71
5.401,0.45,1.11,-0.04,1.20
5.411,0.05,0.49,0.13,0.51
5.421,-0.28,-0.46,0.11,0.55
5.431,0.34,0.08,0.39,0.52
5.441,-0.32,-0.69,-0.03,0.76
5.451,0.44,0.93,0.16,1.04
5.461,0.11,-0.12,-0.45,0.48
5.471,0.21,0.92,-0.16,0.96
5.481,0.07,0.46,-0.21,0.51
5.491,0.52,0.94,0.25,1.11
5.501,-0.45,-0.23,0.18,0.53
5.511,0.30,-0.07,0.43,0.52
5.521,-0.47,-0.94,-0.04,1.05
5.531,0.42,0.53,0.00,0.67
5.541,0.10,0.41,-0.39,0.57
5.551,0.26,0.89,-0.34,0.98
5.561,0.22,1.18,-0.16,1.21
5.571,-0.21,0.07,-0.15,0.27
5.581,0.15,0.33,0.26,0.45
5.591,-0.24,-0.38,0.27,0.52
5.601,0.27,0.15,0.44,0.54
5.611,-0.33,-0.24,0.22,0.47
5.621,0.08,0.40,0.15,0.44
5.631,-0.48,0.23,-0.18,0.56
5.641,0.60,1.05,0.09,1.21
5.651,-0.56,-0.24,-0.37,0.71
5.661,0.11,0.51,-0.15,0.54
5.671,-0.02,0.75,0.08,0.76
5.681,-0.04,-0.50,-0.27,0.57
5.691,0.05,0.66,0.07,0.67
5.701,-0.28,-0.52,-0.41,0.72
5.711,0.25,1.32,0.14,1.35
5.721,-0.09,0.64,0.19,0.68
5.731,-0.16,-0.38,0.07,0.42
5.741,-0.01,0.98,0.72,1.22
5.751,-0.67,-1.56,-0.13,1.71
5.761,0.17,0.60,0.13,0.64
5.771,0.11,0.53,-0.20,0.58
5.781,0.09,0.76,-0.37,0.85
5.791,0.16,1.02,-0.19,1.05
5.801,-0.00,0.26,-0.22,0.35
5.811,0.25,0.67,0.28,0.77
5.821,-0.37,-0.22,0.25,0.50
5.831,0.17,-0.18,0.38,0.45
5.841,-0.08,0.25,0.46,0.53
5.851,-0.29,-0.62,-0.23,0.72
5.861,0.38,1.08,-0.12,1.15
5.871,0.00,0.66,-0.43,0.79
5.880,0.47,1.15,-0.21,1.26
5.891,-0.45,0.17,-0.24,0.54
5.901,0.48,0.57,0.22,0.78
5.911,-0.39,-0.25,0.14,0.49
5.920,0.30,0.03,0.25,0.39
5.931,-0.03,-0.13,0.08,0.15
5.941,0.01,0.56,0.04,0.56
5.951,0.18,-0.05,-0.34,0.39
5.960,-0.00,0.70,-0.14,0.71
5.970,0.37,0.97,0.15,1.04
5.980,0.06,0.32,0.30,0.44
5.990,-0.33,-0.96,0.00,1.01
6.000,0.12,0.31,0.40,0.52
6.010,0.20,0.17,0.08,0.27
6.020,0.10,0.28,-0.16,0.34
6.030,0.18,1.29,0.20,1.32
6.040,-0.17,-0.30,-0.24,0.42
6.050,-0.00,0.10,-0.06,0.11
6.060,-0.02,0.60,0.04,0.60
6.070,0.12,0.25,-0.14,0.31
6.080,-0.10,0.48,-0.15,0.51
6.090,0.37,0.45,-0.14,0.60
6.100,-0.09,-0.23,-0.43,0.49
6.110,0.24,1.42,0.29,1.46
6.120,0.02,0.05,0.21,0.22
6.130,-0.03,-0.56,0.17,0.59
6.140,-0.13,-0.03,0.41,0.43
6.150,-0.21,0.03,0.18,0.28
6.160,0.23,0.31,-0.10,0.40
6.170,-0.01,0.54,-0.23,0.59
6.180,0.17,1.10,-0.04,1.11
6.190,-0.23,0.00,-0.27,0.35
6.200,0.06,0.32,0.02,0.33
6.210,-0.05,-0.23,-0.08,0.25
6.220,0.22,0.73,0.19,0.78
6.230,-0.09,0.05,0.02,0.10
6.240,0.07,0.39,0.18,0.43
6.250,-0.04,0.42,0.29,0.51
6.260,-0.17,-0.66,-0.14,0.69
6.270,-0.12,0.47,0.04,0.48
6.280,0.17,0.81,0.05,0.83
6.290,-0.15,0.14,-0.24,0.32
6.300,0.14,0.36,-0.17,0.43
6.310,0.03,0.83,0.11,0.84
6.320,0.12,0.20,0.19,0.30
6.330,-0.51,-0.44,0.04,0.67
6.340,0.36,0.63,0.41,0.83
6.350,-0.40,-0.66,-0.12,0.78
6.360,0.18,1.04,0.16,1.07
6.370,-0.16,-0.13,-0.39,0.44
6.380,0.27,0.83,-0.16,0.89
6.390,-0.21,0.31,-0.32,0.49
6.400,0.34,0.64,-0.03,0.72
6.410,-0.09,0.41,0.14,0.44
6.420,-0.07,0.09,0.34,0.36
6.430,0.10,-0.27,0.28,0.40
6.440,-0.35,-0.43,0.18,0.58
6.450,0.04,0.17,0.03,0.18
6.460,0.03,0.47,-0.19,0.50
6.470,0.29,1.05,-0.10,1.10
6.480,-0.25,-0.45,-0.70,0.87
6.490,0.25,1.55,0.15,1.58
6.500,-0.02,0.14,0.00,0.14
6.510,0.09,-0.22,0.10,0.26
6.520,-0.02,0.70,0.75,1.03
6.530,-0.53,-1.61,-0.16,1.70
6.539,0.27,0.64,0.17,0.72
6.550,0.15,0.34,-0.21,0.43
6.560,-0.01,0.71,-0.27,0.76
6.570,0.17,1.13,-0.09,1.15
6.579,0.08,0.02,-0.12,0.14
6.590,0.09,0.23,0.12,0.27
6.599,-0.27,-0.06,0.24,0.36
6.609,0.11,-0.08,0.16,0.21
6.620,-0.00,0.17,0.03,0.17
6.630,0.07,0.45,-0.04,0.45
6.639,0.03,0.63,0.07,0.64
6.650,-0.04,0.31,0.00,0.31
6.659,-0.03,-0.09,0.03,0.10
6.669,-0.16,0.22,0.03,0.27
6.679,-0.11,-0.24,-0.35,0.44
6.689,0.34,1.03,-0.19,1.10
6.699,0.26,0.68,-0.21,0.76
6.709,0.16,1.26,0.20,1.29
6.719,-0.61,-1.00,-0.14,1.18
6.729,0.35,0.27,0.44,0.63
6.739,-0.17,0.14,0.54,0.58
6.749,-0.17,-0.89,-0.09,0.92
6.759,0.00,0.37,-0.23,0.43
6.769,0.40,1.15,-0.14,1.23
6.779,-0.19,0.58,-0.38,0.72
6.789,0.33,1.14,0.16,1.20
6.799,-0.24,-0.52,0.03,0.57
6.809,-0.07,0.16,0.56,0.59
6.819,-0.09,-0.70,0.22,0.74
6.829,-0.26,-0.09,0.10,0.30
6.839,0.32,0.94,0.05,0.99
6.849,-0.32,0.10,-0.47,0.58
6.859,0.38,1.30,-0.01,1.36
6.869,-0.50,-0.08,-0.34,0.61
6.879,0.49,0.64,0.08,0.81
6.889,-0.45,-0.16,-0.02,0.48
6.899,0.42,0.42,0.22,0.64
6.909,-0.37,-0.06,0.08,0.39
6.919,0.22,0.42,0.13,0.49
6.929,-0.14,-0.04,-0.02,0.15
6.939,-0.03,0.11,-0.16,0.20
6.949,0.04,0.42,-0.18,0.45
6.959,0.33,0.86,0.03,0.92
6.969,-0.19,0.33,-0.01,0.38
6.979,-0.08,-0.61,-0.34,0.70
6.989,0.26,0.90,0.10,0.94
6.999,0.16,0.22,-0.08,0.28
7.009,-0.32,0.17,0.02,0.36
7.019,0.41,0.56,0.31,0.76
7.029,-0.34,-0.85,-0.03,0.91
7.039,-0.09,0.77,0.44,0.89
7.049,-0.08,-0.32,0.00,0.33
7.059,-0.03,0.39,-0.06,0.39
7.069,0.16,-0.34,-0.61,0.72
7.079,0.14,1.38,-0.14,1.39
7.089,0.16,0.03,-0.63,0.65
7.099,0.40,1.07,-0.05,1.14
7.109,-0.20,0.33,0.23,0.44
7.119,0.06,-0.58,0.17,0.61
7.129,-0.20,-0.10,0.57,0.61
7.139,-0.18,-0.68,0.22,0.74
7.149,0.13,0.71,0.35,0.81
7.159,-0.16,-0.21,-0.26,0.37
7.169,0.43,1.54,0.24,1.62
7.178,-0.45,-0.12,-0.29,0.55
7.189,0.01,0.01,-0.22,0.22
7.199,0.18,0.89,0.17,0.92
7.209,-0.16,0.17,0.04,0.24
7.219,-0.09,-0.07,0.04,0.12
7.229,-0.01,0.09,0.07,0.11
7.239,0.02,0.45,0.09,0.46
7.248,0.19,0.25,-0.04,0.31
7.258,-0.21,0.27,-0.13,0.36
7.268,0.27,0.54,-0.08,0.61
7.278,-0.15,0.14,-0.21,0.29
7.288,0.26,0.77,0.04,0.81
7.298,0.11,0.32,0.11,0.35
7.308,-0.20,0.17,0.27,0.38
7.318,-0.14,-0.45,0.20,0.51
7.328,-0.29,0.06,0.23,0.37
7.338,0.29,0.08,-0.01,0.30
7.348,-0.23,0.73,0.00,0.76
7.358,0.09,0.63,-0.08,0.65
7.368,0.06,0.11,-0.22,0.25
7.378,-0.07,0.29,-0.13,0.33
7.388,-0.11,-0.32,-0.29,0.45
7.398,0.26,1.16,0.19,1.21
7.408,0.05,0.03,0.04,0.07
7.418,-0.10,0.30,0.43,0.53
7.428,-0.13,-0.05,0.50,0.52
7.438,-0.53,-1.02,-0.03,1.15
7.448,0.40,0.18,-0.09,0.45
7.458,-0.09,0.80,-0.26,0.85
7.468,0.23,0.41,-0.60,0.76
7.478,0.00,1.27,-0.30,1.31
7.488,0.15,0.58,-0.10,0.61
7.498,-0.01,0.04,0.02,0.04
7.508,-0.44,-0.00,0.49,0.66
7.518,0.19,-0.18,0.61,0.67
7.528,-0.43,-0.65,0.34,0.85
7.538,-0.06,-0.33,0.02,0.34
7.548,0.01,0.92,-0.03,0.92
7.558,0.12,0.35,-0.47,0.59
7.568,-0.07,1.06,-0.27,1.10
7.578,0.20,0.66,-0.22,0.72
7.588,-0.20,-0.13,-0.18,0.30
7.598,0.19,0.72,0.35,0.83
7.608,-0.55,-0.63,0.14,0.85
7.618,0.25,-0.02,0.22,0.34
7.628,-0.24,-0.20,0.01,0.31
7.638,0.07,0.69,0.03,0.70
7.648,-0.18,0.01,-0.41,0.45
7.658,0.41,0.73,-0.22,0.87
7.668,0.10,1.01,-0.02,1.01
7.678,-0.25,-0.25,-0.14,0.38
7.688,0.32,0.69,0.37,0.84
7.698,-0.40,-0.54,0.09,0.67
7.708,0.23,0.00,0.22,0.32
7.718,-0.25,0.03,0.04,0.25
7.728,0.04,0.24,-0.14,0.28
7.738,0.14,0.86,0.01,0.87
7.748,0.06,0.46,-0.02,0.47
7.758,-0.24,0.09,0.06,0.27
7.768,0.14,0.43,0.44,0.63
7.778,-0.60,-1.17,-0.17,1.33
7.788,0.22,0.87,0.22,0.92
7.798,-0.21,-0.12,-0.43,0.49
7.808,0.44,0.62,-0.42,0.87
7.817,-0.14,0.91,-0.30,0.97
7.828,0.26,0.56,-0.14,0.63
7.837,0.30,1.10,0.58,1.28
7.848,-0.65,-1.17,0.23,1.36
7.857,0.05,-0.45,0.55,0.71
7.867,-0.40,-0.65,0.12,0.77
7.877,0.39,0.24,-0.39,0.60
7.887,0.01,0.73,-0.59,0.93
7.897,0.29,2.19,-0.05,2.21
7.908,0.03,0.65,-0.31,0.72
7.917,-0.21,-0.21,0.02,0.30
7.927,-0.28,0.37,0.72,0.85
7.937,-0.18,-1.04,0.38,1.12
7.947,-0.01,-0.46,0.39,0.61
7.957,-0.15,0.49,0.17,0.54
7.967,-0.03,0.55,-0.15,0.57
7.977,0.06,0.10,-0.57,0.59
7.987,-0.01,0.93,-0.34,0.99
7.997,0.28,0.89,-0.21,0.96
8.007,-0.11,0.40,-0.02,0.42
8.017,-0.07,-0.06,0.07,0.12
8.027,0.06,-0.13,0.28,0.32
8.037,-0.31,-0.52,0.06,0.60
8.047,0.02,-0.32,-0.25,0.41
8.057,0.29,1.85,0.33,1.90
8.067,-0.09,-0.07,-0.12,0.17
8.077,-0.06,0.05,0.11,0.14
8.087,-0.23,0.08,0.36,0.44
8.097,-0.29,-0.73,0.01,0.79
8.107,0.07,0.58,0.11,0.60
8.117,-0.09,0.12,-0.36,0.39
8.127,0.28,0.71,-0.33,0.84
8.137,-0.07,0.62,-0.29,0.69
8.147,0.04,0.66,0.05,0.66
8.157,-0.02,0.21,0.36,0.42
8.167,-0.36,-1.23,0.09,1.29
8.177,-0.37,-0.07,0.27,0.47
8.187,0.29,0.51,0.09,0.60
8.197,0.01,-0.04,-0.44,0.44
8.207,0.17,1.51,-0.01,1.52
8.217,-0.38,-0.14,-0.41,0.58
8.227,0.45,1.11,0.33,1.24
8.237,-0.66,-1.26,-0.18,1.44
8.247,0.16,0.44,0.34,0.58
8.257,-0.34,-0.03,0.06,0.35
8.267,0.33,0.49,-0.02,0.59
8.277,-0.29,0.41,-0.10,0.51
8.287,0.18,0.45,-0.06,0.49
8.297,-0.15,0.05,-0.13,0.21
8.307,-0.27,-0.15,-0.17,0.35
8.317,0.26,1.06,0.20,1.11
8.327,-0.14,-0.06,0.01,0.15
8.337,-0.15,0.28,0.21,0.38
8.347,-0.24,-0.25,0.03,0.35
8.357,-0.00,0.43,0.18,0.46
8.367,-0.13,0.00,-0.08,0.15
8.377,-0.01,0.50,-0.03,0.50
8.387,-0.11,0.48,-0.05,0.49
8.397,0.03,0.42,0.05,0.42
8.407,-0.08,0.06,0.02,0.11
8.417,-0.07,-0.17,-0.09,0.21
8.426,-0.01,0.32,-0.09,0.34
8.437,-0.04,0.57,-0.12,0.58
8.447,0.37,0.13,-0.22,0.45
8.457,-0.38,0.66,0.03,0.76
8.467,0.13,-0.55,-0.28,0.63
8.476,0.31,1.30,0.40,1.40
8.487,-0.12,-0.13,0.23,0.29
8.496,-0.44,-0.20,0.30,0.57
8.507,0.20,0.46,0.58,0.76
8.516,-0.73,-1.80,-0.52,2.01
8.526,0.43,1.19,-0.17,1.28
8.536,-0.06,1.44,-0.06,1.44
8.546,0.28,0.55,-0.44,0.76
8.556,0.25,0.36,-0.00,0.44
8.566,-0.71,0.20,0.35,0.81
8.576,0.21,-0.99,-0.05,1.02
8.586,0.13,0.53,0.32,0.64
8.596,-0.12,-0.50,-0.35,0.62
8.606,0.14,1.06,-0.01,1.07
8.616,-0.22,0.49,-0.11,0.55
8.626,0.11,-0.22,-0.24,0.34
8.636,-0.31,0.47,0.13,0.57
8.646,0.27,0.51,0.32,0.66
8.656,-0.28,-0.50,-0.02,0.58
8.666,-0.16,0.28,0.22,0.39
8.676,0.05,0.43,0.21,0.48
8.686,-0.56,-0.20,-0.02,0.60
8.696,0.41,0.79,0.27,0.93
8.706,-0.82,-0.86,-0.39,1.25
8.716,0.32,0.99,-0.05,1.05
8.726,-0.21,0.37,-0.39,0.58
8.736,0.48,1.33,-0.03,1.42
8.746,-0.07,0.40,0.06,0.41
8.756,-0.30,0.09,0.26,0.41
8.766,-0.20,-0.64,0.26,0.72
8.776,-0.29,-0.31,0.31,0.52
8.786,0.02,0.12,0.00,0.12
8.796,-0.03,-0.04,-0.42,0.43
8.806,0.01,1.30,-0.17,1.31
8.816,0.10,0.52,-0.47,0.71
8.826,0.15,1.26,0.03,1.27
8.836,-0.28,-0.42,-0.08,0.51
8.846,0.03,0.36,0.52,0.63
8.856,-0.41,-1.29,-0.00,1.35
8.866,-0.00,0.42,0.35,0.55
8.876,0.19,0.19,-0.04,0.27
8.886,-0.22,0.19,-0.27,0.40
8.896,0.19,1.14,-0.00,1.15
8.906,-0.25,-0.27,-0.40,0.55
8.916,0.16,1.05,0.08,1.06
8.926,-0.28,-0.08,-0.02,0.29
8.936,0.23,0.87,0.45,1.00
8.946,-0.56,-0.86,-0.01,1.03
8.956,0.00,0.25,0.26,0.36
8.966,-0.20,-0.01,-0.06,0.21
8.976,0.11,0.35,-0.33,0.49
8.986,0.18,0.73,-0.22,0.79
8.996,-0.22,1.02,-0.09,1.05
9.006,0.31,0.54,0.11,0.64
9.016,-0.49,-0.70,-0.06,0.85
9.026,0.11,0.61,0.49,0.79
9.036,-0.26,-0.44,0.10,0.52
9.046,0.16,0.19,0.09,0.26
9.056,-0.39,0.29,-0.02,0.49
9.066,-0.09,0.50,-0.00,0.51
9.075,0.11,0.05,-0.20,0.23
9.086,-0.19,-0.06,-0.28,0.34
9.095,0.23,1.12,0.13,1.15
9.106,-0.15,-0.19,-0.18,0.31
9.115,0.19,0.82,0.34,0.91
9.125,-0.37,-0.82,-0.07,0.91
9.135,-0.18,0.30,0.18,0.40
9.145,0.03,0.21,-0.04,0.22
9.155,0.24,0.51,0.05,0.57
9.165,-0.43,0.32,-0.00,0.54
9.175,-0.12,-0.52,-0.31,0.62
9.185,0.21,1.00,0.05,1.02
9.195,0.03,0.54,-0.01,0.54
9.205,-0.23,0.29,0.06,0.37
9.215,0.07,-0.11,0.06,0.14
9.225,-0.12,-0.00,0.15,0.19
9.235,-0.17,-0.21,-0.05,0.27
9.245,0.01,0.45,-0.09,0.46
9.255,0.13,0.54,-0.19,0.58
9.265,0.06,0.55,-0.18,0.58
9.275,-0.04,0.93,0.14,0.94
9.285,-0.28,-0.66,-0.14,0.73
9.295,0.20,0.71,0.42,0.85
9.305,-0.34,-1.00,-0.23,1.08
9.315,0.08,0.74,-0.02,0.75
9.325,0.18,0.51,-0.28,0.61
9.335,0.10,0.76,-0.18,0.78
9.345,0.23,1.12,0.32,1.19
9.355,-0.53,-1.09,-0.13,1.22
9.365,0.14,0.73,0.64,0.98
9.375,-0.51,-0.51,0.19,0.75
9.385,0.25,-0.13,-0.08,0.29
9.395,-0.25,0.95,0.05,0.98
9.405,0.13,0.48,-0.33,0.60
9.415,0.03,0.79,-0.15,0.81
9.425,-0.32,0.97,0.31,1.06
9.435,-0.38,-0.52,0.20,0.68
9.445,-0.13,-0.26,0.41,0.50
9.455,-0.26,-0.50,0.15,0.58
9.465,-0.09,0.17,-0.17,0.26
9.475,0.23,1.17,-0.14,1.20
9.485,0.04,-0.03,-0.73,0.73
9.495,0.01,1.18,-0.24,1.20
9.505,0.05,0.49,-0.10,0.50
9.515,-0.17,-0.06,0.09,0.20
9.525,0.03,0.54,0.57,0.79
9.535,-0.61,-1.19,0.14,1.35
9.545,0.28,0.25,0.42,0.56
9.555,-0.59,-0.42,-0.29,0.78
9.565,0.21,0.17,-0.62,0.68
9.575,0.04,1.34,-0.47,1.42
9.585,0.42,1.62,-0.11,1.68
9.595,-0.43,0.49,0.00,0.65
9.605,-0.30,-0.06,0.36,0.47
9.615,-0.05,-0.12,0.78,0.79
9.625,-0.57,-1.93,0.08,2.01
9.635,-0.14,0.41,0.20,0.47
9.645,0.30,0.63,-0.26,0.74
9.655,0.27,1.20,-0.38,1.29
9.665,-0.27,0.76,-0.60,1.00
9.675,0.05,0.77,-0.22,0.81
9.685,0.01,0.32,0.11,0.34
9.695,-0.14,0.26,0.56,0.63
9.705,-0.30,-0.87,0.36,0.99
9.715,-0.45,-1.01,0.09,1.11
9.725,0.20,0.72,0.12,0.76
9.734,-0.13,0.47,-0.29,0.57
9.745,0.29,1.44,-0.03,1.47
9.754,-0.30,0.26,-0.22,0.45
9.764,0.18,0.54,0.30,0.64
9.774,-0.73,-1.02,-0.13,1.26
9.784,0.24,0.35,0.35,0.55
9.794,-0.13,0.27,0.08,0.31
9.804,0.04,0.24,-0.23,0.34
9.814,0.16,0.78,-0.10,0.80
9.824,-0.43,0.38,-0.15,0.60
9.834,0.27,0.47,0.09,0.55
9.844,-0.45,-0.69,-0.22,0.86
9.854,0.31,1.12,0.34,1.21
9.864,-0.31,-0.13,-0.02,0.34
9.874,0.09,0.35,0.04,0.37
9.884,0.00,0.37,0.11,0.39
9.894,-0.08,0.29,0.11,0.32
9.904,-0.31,-0.65,-0.26,0.77
9.914,0.10,1.03,0.12,1.04
9.924,0.11,0.07,-0.18,0.22
9.934,-0.16,0.32,-0.09,0.36
9.944,0.16,0.51,0.12,0.54
9.954,-0.32,-0.13,0.01,0.35
9.964,0.13,0.30,0.21,0.39
9.974,-0.30,-0.15,0.11,0.35
9.984,-0.02,0.37,0.19,0.42
9.994,-0.19,-0.28,-0.06,0.34
10.004,-0.04,0.29,-0.11,0.32
10.014,-0.24,0.24,-0.32,0.47
10.024,0.19,0.78,-0.21,0.83
10.034,-0.04,0.65,-0.17,0.68
10.044,0.08,0.37,0.03,0.38
10.054,-0.26,-0.22,0.02,0.34
10.064,-0.07,0.49,0.47,0.68
10.074,-0.14,-0.47,0.20,0.53
10.084,-0.40,-0.27,0.09,0.49
10.094,-0.03,0.54,0.09,0.55
10.104,-0.06,0.43,-0.22,0.48
10.114,0.14,0.86,-0.12,0.87
10.124,-0.34,0.70,-0.11,0.79
10.134,-0.06,-0.22,-0.18,0.29
10.144,0.25,0.81,0.33,0.91
10.154,-0.75,-0.86,-0.13,1.15
10.164,0.17,0.44,0.14,0.49
10.174,0.01,0.23,-0.13,0.26
10.184,-0.06,0.31,-0.25,0.40
10.194,0.17,1.02,0.07,1.03
10.204,-0.31,0.08,-0.07,0.33
10.214,0.23,0.43,0.26,0.55
10.224,-0.43,-0.30,0.09,0.54
10.234,-0.01,0.10,0.15,0.18
10.244,-0.07,0.10,-0.02,0.12
10.254,-0.19,0.44,-0.11,0.49
10.264,0.19,0.52,-0.14,0.57
10.274,-0.10,0.26,-0.18,0.33
10.284,-0.15,0.33,-0.05,0.37
10.294,0.07,0.38,0.03,0.39
10.304,0.00,-0.09,-0.04,0.09
10.313,-0.20,0.73,0.25,0.80
10.324,-0.12,-0.12,0.07,0.18
10.334,-0.02,0.24,0.15,0.28
10.344,-0.16,-0.02,0.03,0.16
10.354,-0.15,0.28,0.01,0.32
10.364,0.01,0.26,-0.12,0.29
10.373,0.06,0.36,-0.14,0.40
10.383,-0.08,0.68,0.00,0.68
10.393,-0.11,0.06,-0.10,0.16
10.403,-0.09,-0.05,-0.14,0.17
10.413,0.07,0.57,0.08,0.57
10.423,0.03,0.36,0.11,0.37
10.433,-0.13,0.40,0.29,0.51
10.443,-0.34,-0.59,0.08,0.68
10.453,-0.05,-0.13,0.06,0.16
10.463,-0.18,0.37,-0.08,0.42
10.473,0.27,0.60,-0.23,0.69
10.483,-0.21,0.63,-0.31,0.73
10.493,0.13,0.39,-0.30,0.51
10.503,0.02,0.30,-0.18,0.35
10.513,-0.13,0.68,0.23,0.73
10.523,-0.11,0.06,0.27,0.30
10.533,-0.08,-0.25,0.22,0.34
10.543,-0.52,-0.35,0.12,0.64
10.553,0.09,0.55,0.11,0.57
10.563,0.09,0.58,-0.08,0.59
10.573,-0.32,0.67,-0.08,0.75
10.583,0.04,0.79,0.04,0.80
10.593,-0.27,-0.30,-0.10,0.42
10.603,-0.08,0.57,0.22,0.62
10.613,-0.23,-0.26,-0.10,0.36
10.623,-0.11,0.27,-0.19,0.34
10.633,0.18,1.06,0.07,1.08
10.643,-0.21,0.44,-0.08,0.50
10.653,0.02,0.41,0.13,0.43
10.663,-0.21,-0.26,0.12,0.36
10.673,-0.28,-0.12,0.17,0.35
10.683,0.10,0.17,0.05,0.21
10.693,-0.13,0.12,-0.19,0.26
10.703,0.01,0.72,-0.04,0.72
10.713,0.06,0.20,-0.14,0.26
10.723,0.03,0.92,0.13,0.93
10.733,-0.19,-0.40,-0.14,0.46
10.743,-0.04,0.15,0.05,0.17
10.753,-0.05,0.24,0.07,0.25
10.763,-0.12,-0.12,-0.19,0.25
10.773,0.02,0.15,-0.21,0.25
10.783,0.08,0.90,0.04,0.90
10.793,-0.05,0.43,0.07,0.43
10.803,-0.22,-0.28,0.14,0.38
10.813,-0.33,0.12,0.29,0.45
10.823,-0.07,-0.34,0.08,0.35
10.833,0.09,0.45,-0.00,0.46
10.843,-0.48,0.62,-0.04,0.78
10.853,0.25,0.85,0.07,0.89
10.863,-0.31,-0.50,-0.21,0.62
10.873,-0.13,1.06,0.39,1.14
10.883,-0.45,-0.88,-0.16,1.00
10.893,-0.03,1.09,0.29,1.13
10.903,-0.16,-0.74,-0.58,0.95
10.913,0.18,1.82,0.09,1.83
10.923,-0.18,0.44,-0.21,0.52
10.933,-0.11,0.37,0.01,0.38
10.943,-0.13,0.15,0.27,0.33
10.953,-0.21,-0.18,0.27,0.39
10.963,-0.29,-0.23,0.17,0.41
10.972,-0.14,0.55,0.08,0.57
10.983,0.23,0.33,-0.30,0.50
10.992,-0.08,0.23,-0.55,0.60
11.003,0.19,2.11,0.26,2.13
11.012,-0.10,-0.67,-0.45,0.82
11.022,0.05,0.01,-0.01,0.05
11.032,-0.12,0.52,0.43,0.68
11.042,-0.31,-0.73,-0.03,0.79
11.052,0.31,0.52,0.25,0.66
11.062,-0.22,-0.15,-0.14,0.30
11.072,0.19,1.23,0.30,1.28
11.082,-0.17,-0.57,-0.24,0.64
11.092,0.02,0.64,0.17,0.66
11.102,-0.30,-0.15,-0.01,0.34
11.112,0.26,0.22,-0.03,0.34
11.122,-0.57,0.15,-0.15,0.61
11.132,0.31,0.62,-0.10,0.70
11.142,0.09,0.80,0.03,0.80
11.152,-0.19,-0.17,-0.08,0.27
11.162,-0.25,0.30,0.16,0.42
11.172,0.09,0.27,0.22,0.36
11.182,-0.27,0.04,0.19,0.33
11.192,-0.18,0.33,0.20,0.42
11.202,-0.23,0.00,-0.07,0.24
11.212,-0.29,0.50,-0.09,0.58
11.222,0.30,0.55,-0.21,0.66
11.232,-0.57,-0.14,-0.58,0.83
11.242,0.74,1.41,-0.05,1.60
11.252,-0.48,0.20,-0.24,0.57
11.262,0.35,0.58,0.20,0.70
11.272,-0.32,0.27,0.47,0.64
11.282,-0.02,-0.07,0.64,0.64
11.292,-0.73,-1.50,0.04,1.67
11.302,0.25,0.84,0.33,0.93
11.312,-0.24,-0.24,-0.42,0.54
11.322,0.32,1.36,-0.21,1.42
11.332,-0.26,0.37,-0.63,0.78
11.342,0.06,0.71,-0.44,0.83
11.352,0.23,1.45,0.37,1.52
11.362,-0.61,-0.22,0.20,0.68
11.372,0.05,-0.34,0.46,0.58
11.382,-0.62,-0.58,0.49,0.98
11.392,0.05,0.06,0.35,0.36
11.402,-0.15,-0.18,-0.21,0.32
11.412,-0.08,1.12,-0.09,1.13
11.422,-0.10,0.59,-0.23,0.64
11.432,0.13,1.47,0.25,1.49
11.442,-0.50,-1.26,-0.46,1.44
11.452,0.11,1.14,0.41,1.21
11.462,-0.26,-0.41,-0.11,0.50
11.472,-0.17,0.10,-0.15,0.25
11.482,0.46,0.86,0.02,0.97
11.492,-0.62,-0.40,-0.46,0.87
11.502,0.50,1.66,0.34,1.77
11.512,-0.54,-0.75,-0.20,0.94
11.522,0.23,0.68,0.34,0.80
11.531,-0.42,-0.15,0.14,0.46
11.542,0.06,0.94,0.42,1.03
11.552,-0.21,-0.18,0.10,0.29
11.561,-0.11,0.03,-0.02,0.12
11.572,-0.41,0.16,-0.20,0.49
11.582,0.52,0.68,-0.25,0.89
11.591,-0.37,0.61,-0.21,0.75
11.602,0.21,0.92,0.04,0.95
11.612,-0.07,-0.02,0.04,0.08
11.622,-0.38,-0.18,0.06,0.42
11.631,0.30,0.00,0.20,0.36
11.642,-0.70,-0.14,-0.06,0.71
11.652,0.68,0.22,-0.22,0.75
11.661,-0.53,0.87,-0.04,1.02
11.672,0.33,0.43,-0.09,0.55
11.681,-0.44,0.52,0.16,0.70
11.691,0.00,-0.19,0.17,0.25
11.702,-0.47,-0.32,-0.05,0.57
11.711,0.14,0.84,0.07,0.86
11.721,0.01,0.07,-0.37,0.38
11.731,-0.06,0.87,-0.22,0.90
11.741,-0.16,0.29,-0.25,0.41
11.751,0.17,1.04,0.31,1.10
11.761,-0.27,-0.17,0.28,0.42
11.771,-0.27,-0.48,0.27,0.62
11.781,-0.02,0.44,0.56,0.71
11.791,-0.31,-0.29,-0.00,0.43
11.801,0.08,0.44,0.03,0.45
11.811,-0.07,0.78,0.01,0.79
11.821,-0.25,-0.02,-0.32,0.41
11.831,-0.01,0.45,-0.20,0.49
11.841,0.03,0.75,-0.07,0.76
11.851,-0.03,-0.12,-0.29,0.31
11.861,-0.12,1.11,0.21,1.13
11.871,0.01,-0.41,-0.15,0.43
11.881,0.05,0.74,0.31,0.81
11.891,-0.25,-0.46,0.05,0.53
11.901,-0.37,0.35,0.12,0.53
11.911,0.30,0.72,0.22,0.81
11.921,-0.30,-0.01,-0.13,0.33
11.931,0.06,0.74,0.09,0.75
11.941,-0.44,-0.01,-0.19,0.48
11.951,0.32,0.91,0.06,0.97
11.961,-0.32,-0.04,-0.19,0.37
11.971,0.10,0.89,0.12,0.91
11.981,-0.24,-0.51,-0.30,0.64
11.991,0.23,0.69,-0.06,0.73
12.001,-0.19,0.35,-0.15,0.43
12.011,0.22,0.69,-0.01,0.73
12.021,-0.21,0.17,0.04,0.27
12.031,-0.21,0.20,0.29,0.41
12.041,-0.04,0.62,0.58,0.85
12.051,-0.10,-0.48,0.28,0.57
12.061,-0.44,-0.26,0.13,0.53
12.071,0.16,0.66,0.11,0.69
12.081,-0.28,0.26,-0.31,0.49
12.091,0.23,0.79,-0.23,0.86
12.101,-0.13,0.61,-0.25,0.67
12.111,-0.17,0.50,-0.08,0.54
12.121,0.02,-0.07,-0.10,0.12
12.131,-0.03,0.64,0.24,0.68
12.141,-0.28,-0.33,0.04,0.43
12.151,0.14,0.16,0.05,0.22
12.161,-0.33,0.09,-0.13,0.36
12.171,0.39,0.69,-0.05,0.80
12.180,-0.27,0.32,-0.24,0.48
12.191,0.12,0.39,-0.13,0.43
12.200,0.05,1.12,0.36,1.18
12.210,-0.10,-0.15,0.24,0.30
12.221,-0.50,-0.38,0.23,0.67
12.231,0.08,-0.07,0.29,0.31
12.241,-0.25,0.48,0.25,0.60
12.250,-0.10,0.11,-0.25,0.29
12.260,-0.09,0.23,-0.49,0.55
12.270,0.34,1.34,-0.19,1.39
12.280,-0.03,0.57,-0.35,0.67
12.291,-0.21,0.64,-0.06,0.68
12.300,0.23,0.49,0.33,0.64
12.310,-0.43,-0.31,0.36,0.64
12.320,-0.22,-0.26,0.49,0.60
12.330,-0.16,-0.44,0.13,0.49
12.341,-0.41,0.25,-0.18,0.51
12.350,0.34,0.72,-0.37,0.87
12.360,-0.04,1.23,-0.31,1.27
12.370,0.08,0.87,-0.29,0.92
12.380,-0.20,0.67,0.19,0.72
12.390,-0.34,-0.38,0.12,0.52
12.400,-0.03,-0.59,0.28,0.66
12.410,-0.11,0.10,0.38,0.41
12.420,-0.36,-0.49,-0.37,0.71
12.430,0.47,1.35,0.03,1.43
12.440,-0.27,0.72,-0.31,0.83
12.450,-0.04,0.20,-0.42,0.47
12.460,0.06,0.81,0.02,0.81
12.470,-0.17,0.50,0.23,0.58
12.480,-0.07,-0.21,0.17,0.27
12.490,-0.32,0.31,0.53,0.69
12.500,-0.13,-0.39,0.17,0.44
12.510,-0.21,-0.23,-0.17,0.36
12.520,0.01,1.16,-0.01,1.16
12.530,-0.04,0.36,-0.43,0.57
12.540,-0.02,1.26,-0.11,1.27
12.550,-0.07,0.60,0.05,0.61
12.560,-0.18,-0.07,0.03,0.19
12.570,-0.28,-0.13,0.18,0.36
12.580,0.06,0.13,0.16,0.21
12.590,-0.08,0.26,0.04,0.28
12.600,0.00,0.39,-0.14,0.41
12.610,-0.29,0.64,-0.07,0.71
12.620,0.27,0.47,-0.07,0.54
12.630,-0.18,-0.01,-0.15,0.23
12.640,-0.03,1.34,0.41,1.40
12.650,-0.10,-0.47,0.05,0.49
12.660,-0.05,0.19,0.19,0.27
12.670,-0.14,-0.15,-0.01,0.20
12.680,-0.02,0.34,-0.23,0.41
12.690,0.10,0.72,-0.25,0.77
12.700,0.17,0.88,-0.09,0.91
12.710,-0.04,0.71,0.17,0.73
12.720,-0.25,-0.16,0.23,0.37
12.730,0.03,0.10,0.44,0.46
12.740,-0.49,-0.43,0.22,0.69
12.750,0.19,0.74,0.28,0.82
12.760,-0.16,-0.64,-0.55,0.86
12.770,0.22,1.76,0.04,1.77
12.780,-0.07,0.27,-0.40,0.49
12.790,0.16,0.84,-0.11,0.86
12.800,-0.22,-0.12,-0.18,0.31
12.810,0.04,0.81,0.30,0.87
12.820,0.00,0.36,0.40,0.54
12.830,-0.25,-0.55,0.13,0.62
12.840,0.02,0.42,0.37,0.56
12.850,-0.36,0.03,0.06,0.36
12.859,0.06,0.51,-0.07,0.52
12.869,-0.11,-0.09,-0.45,0.47
12.880,0.05,1.73,0.10,1.73
12.890,-0.01,0.06,-0.34,0.34
12.900,0.10,0.95,0.12,0.97
12.910,-0.11,-0.13,0.10,0.20
12.919,-0.40,0.08,0.27,0.49
12.929,0.27,-0.12,0.24,0.38
12.940,-0.54,0.18,0.17,0.60
12.949,0.29,0.36,0.06,0.47
12.959,-0.38,0.30,-0.13,0.50
12.969,0.17,0.64,-0.06,0.67
12.979,-0.29,0.04,-0.40,0.49
12.989,0.26,1.13,-0.07,1.16
12.999,-0.33,-0.53,-0.69,0.93
13.009,0.40,0.97,-0.29,1.08
13.019,-0.08,0.20,-0.44,0.49
13.029,0.23,0.96,-0.02,0.99
13.039,0.17,0.43,0.33,0.57
13.049,-0.37,-0.29,0.44,0.64
13.059,-0.16,-0.69,0.46,0.85
13.069,-0.39,-0.20,0.48,0.65
13.079,0.06,0.42,0.28,0.51
13.089,-0.03,0.11,-0.30,0.32
13.099,-0.03,0.91,-0.26,0.95
13.109,-0.17,1.08,-0.21,1.11
13.119,0.17,0.00,-0.57,0.60
13.129,-0.17,1.09,-0.01,1.10
13.139,0.19,0.87,0.51,1.02
13.149,-0.57,-0.58,0.15,0.83
13.159,0.11,0.20,0.73,0.76
13.169,-0.56,-0.94,0.14,1.10
13.179,0.17,0.58,0.10,0.61
13.189,-0.01,1.05,0.07,1.05
13.199,-0.27,0.28,-0.54,0.67
13.209,0.26,1.16,-0.15,1.19
13.219,-0.27,0.55,-0.24,0.66
13.229,0.04,0.14,-0.23,0.27
13.239,-0.22,-0.06,-0.17,0.28
13.249,0.37,1.50,0.48,1.62
13.259,-0.12,-0.57,-0.02,0.58
13.269,-0.16,0.69,0.50,0.87
13.279,-0.11,0.20,0.59,0.63
13.289,-0.42,-1.23,-0.11,1.31
13.299,-0.02,0.41,-0.01,0.41
13.309,0.19,0.97,-0.07,0.99
13.319,0.10,0.56,-0.58,0.81
13.329,-0.07,0.47,-0.66,0.81
13.339,0.38,1.76,0.06,1.80
13.349,-0.21,-0.28,-0.22,0.41
13.359,0.02,0.20,0.26,0.32
13.369,-0.12,-0.58,0.24,0.64
13.379,-0.23,-0.26,0.27,0.44
13.389,0.17,0.17,0.08,0.26
13.399,0.12,0.82,0.04,0.83
13.409,-0.08,0.58,-0.07,0.59
13.419,-0.12,0.56,-0.05,0.58
13.429,0.02,-0.00,-0.13,0.13
13.439,-0.05,0.44,0.07,0.45
13.449,0.02,0.42,0.09,0.43
13.458,-0.15,0.42,0.19,0.49
13.469,-0.11,0.13,0.13,0.21
13.479,-0.14,-0.17,-0.02,0.22
13.489,-0.19,0.41,-0.04,0.45
13.498,-0.00,0.41,-0.26,0.49
13.509,0.01,1.13,-0.07,1.13
13.519,0.16,0.72,-0.08,0.74
13.529,-0.14,0.06,-0.03,0.15
13.538,-0.31,0.31,0.14,0.47
13.548,-0.13,-0.91,-0.36,0.99
13.559,0.24,1.37,0.15,1.39
13.568,0.17,0.47,-0.23,0.54
13.578,-0.05,0.97,0.10,0.97
13.588,0.04,-0.10,0.04,0.11
13.598,-0.22,0.23,0.45,0.55
13.608,-0.18,-0.31,0.33,0.49
13.618,-0.01,0.45,0.47,0.65
13.628,-0.13,0.37,0.32,0.50
13.638,-0.28,-0.48,-0.22,0.60
13.648,-0.07,0.74,-0.17,0.77
13.658,0.24,-0.08,-0.77,0.81
13.668,0.25,1.98,-0.06,2.00
13.678,-0.03,0.36,-0.44,0.57
13.688,0.13,1.13,0.30,1.17
13.698,-0.41,-0.80,0.02,0.90
13.708,0.15,-0.06,0.47,0.49
13.718,-0.26,-0.88,0.07,0.92
13.728,0.14,0.41,-0.09,0.45
13.738,0.29,1.08,-0.05,1.12
13.748,-0.23,0.57,-0.40,0.74
13.758,0.18,0.41,-0.43,0.62
13.768,-0.16,0.89,0.03,0.91
13.778,0.13,0.70,0.35,0.80
13.788,-0.07,-0.12,0.33,0.36
13.798,-0.36,-0.46,0.38,0.69
13.808,-0.39,-0.26,0.30,0.55
13.818,0.14,0.87,0.38,0.96
13.828,-0.01,-0.34,-0.46,0.57
13.838,-0.12,1.07,-0.18,1.09
13.848,0.27,1.38,-0.08,1.41
13.858,-0.14,0.13,-0.45,0.49
13.868,0.07,0.14,-0.35,0.38
13.878,0.27,1.09,0.12,1.13
13.888,-0.14,0.33,0.14,0.38
13.898,0.19,-0.11,0.19,0.28
13.908,-0.35,0.03,0.38,0.52
13.918,-0.03,0.02,0.42,0.42
13.928,-0.04,0.09,0.23,0.25
13.938,-0.25,-0.07,-0.15,0.30
13.948,0.37,1.00,0.00,1.07
13.958,-0.22,0.35,-0.41,0.58
13.968,0.22,1.29,-0.01,1.31
13.978,-0.20,-0.27,-0.37,0.50
13.988,0.34,0.60,0.11,0.70
13.998,-0.57,-0.25,0.01,0.62
14.008,0.30,0.30,0.19,0.47
14.018,-0.04,-0.06,0.00,0.07
14.028,-0.17,0.12,-0.04,0.21
14.038,0.26,1.42,0.31,1.48
14.048,-0.43,-0.81,-0.36,0.99
14.058,0.38,1.22,0.23,1.30
14.068,-0.30,-0.29,-0.15,0.44
14.078,0.10,0.77,0.14,0.79
14.088,-0.17,0.01,-0.07,0.19
14.098,0.21,0.77,0.17,0.82
14.108,-0.36,0.17,0.05,0.40
14.118,0.19,0.41,0.12,0.47
14.128,-0.22,0.11,-0.02,0.24
14.138,-0.01,0.43,-0.09,0.44
14.147,0.14,0.27,-0.38,0.48
14.157,0.05,1.09,-0.09,1.10
14.167,0.19,0.61,-0.07,0.65
14.177,-0.22,-0.03,-0.09,0.24
14.187,0.14,0.37,0.25,0.47
14.197,-0.24,-0.05,0.17,0.30
14.207,0.36,0.65,0.39,0.84
14.217,-0.20,-0.35,0.07,0.41
14.227,-0.27,0.46,0.26,0.59
14.237,-0.16,-0.36,-0.18,0.44
14.247,0.21,0.62,-0.17,0.68
14.257,-0.09,0.35,-0.49,0.61
14.267,0.16,1.31,-0.13,1.33
14.277,0.08,0.48,-0.21,0.53
14.287,-0.09,0.12,-0.10,0.18
14.297,-0.18,-0.09,-0.06,0.21
14.307,0.33,0.34,0.22,0.52
14.317,-0.10,0.03,0.09,0.14
14.327,-0.08,0.41,0.23,0.48
14.337,0.48,0.68,0.42,0.93
14.347,-0.81,-1.21,-0.27,1.48
14.357,0.16,0.91,0.06,0.93
14.367,0.21,0.75,-0.07,0.79
14.377,0.01,0.85,-0.12,0.86
14.387,0.10,1.20,0.45,1.28
14.397,-0.57,-0.67,0.09,0.88
14.407,-0.18,-0.62,0.21,0.68
14.417,0.00,0.30,0.27,0.41
14.427,0.08,0.31,-0.21,0.38
14.437,-0.05,0.42,-0.58,0.72
14.447,0.26,0.82,-0.64,1.07
14.457,0.37,2.00,-0.10,2.04
14.467,-0.18,0.39,-0.16,0.46
14.477,0.10,0.51,0.37,0.64
14.487,-0.33,-0.71,0.43,0.90
14.497,-0.06,-1.00,0.33,1.05
14.507,-0.12,0.62,0.60,0.87
14.517,0.40,0.30,0.09,0.50
14.527,-0.21,0.31,-0.22,0.43
14.537,0.13,1.18,0.11,1.19
14.547,-0.22,-0.03,-0.33,0.40
14.557,0.01,0.45,-0.13,0.47
14.567,-0.03,0.44,-0.09,0.45
14.577,0.12,-0.22,-0.34,0.42
14.587,-0.04,0.96,-0.03,0.96
14.597,0.09,0.29,-0.19,0.36
14.607,0.03,0.05,-0.20,0.21
14.617,0.06,0.73,0.18,0.75
14.627,-0.16,0.00,0.10,0.19
14.637,0.33,0.64,0.44,0.84
14.647,-0.63,-0.47,0.14,0.80
14.657,0.23,-0.04,0.08,0.24
14.667,0.01,0.26,-0.19,0.33
14.677,0.28,1.45,0.12,1.48
14.687,-0.26,-0.11,-0.49,0.56
14.697,0.22,0.67,-0.11,0.71
14.707,-0.02,0.88,0.16,0.90
14.717,-0.45,-0.47,-0.14,0.67
14.727,0.61,1.13,0.52,1.38
14.737,-0.51,-0.51,0.08,0.73
14.747,-0.00,0.39,0.24,0.46
14.757,0.11,0.70,0.26,0.75
14.766,-0.47,-0.18,-0.19,0.54
14.776,0.32,0.72,-0.13,0.79
14.786,-0.15,0.45,-0.32,0.57
14.797,0.08,0.71,-0.22,0.75
14.806,0.24,0.95,-0.06,0.98
14.817,0.08,0.10,-0.01,0.13
14.826,0.03,0.79,0.53,0.95
14.836,-0.50,-0.88,0.13,1.02
14.846,0.44,0.11,0.40,0.60
14.856,-0.49,-0.74,-0.28,0.93
14.866,0.60,1.42,0.02,1.54
14.876,-0.08,0.52,-0.33,0.62
14.886,0.05,0.75,-0.39,0.85
14.896,0.49,1.32,0.33,1.45
14.906,-0.50,-1.20,-0.37,1.35
14.916,0.19,0.30,0.32,0.48
14.926,0.01,0.12,0.22,0.25
14.936,-0.03,-0.26,-0.16,0.30
14.946,0.31,1.55,0.36,1.63
14.956,-0.20,-0.28,-0.15,0.38
14.966,0.26,1.16,0.51,1.29
14.976,-0.63,-1.11,-0.13,1.28
14.986,0.19,0.47,0.16,0.53
14.996,0.18,0.66,0.06,0.69
15.006,-0.29,0.28,-0.34,0.53
15.016,0.41,1.35,0.07,1.41
15.026,-0.38,-0.08,-0.19,0.43
15.036,0.10,0.63,0.28,0.69
15.046,-0.26,-0.28,0.13,0.40
15.056,0.03,-0.21,-0.06,0.22
15.066,-0.04,0.62,-0.03,0.62
15.076,0.23,0.79,-0.12,0.83
15.086,0.02,0.21,-0.42,0.47
15.096,0.13,1.09,0.07,1.10
15.106,-0.14,0.68,0.31,0.76
15.116,-0.00,-0.38,0.13,0.41
15.126,-0.25,-0.68,-0.04,0.73
15.136,-0.09,0.42,0.03,0.43
15.146,0.03,0.62,-0.24,0.66
15.156,0.38,1.21,-0.07,1.27
15.166,-0.11,0.95,-0.03,0.96
15.176,-0.04,-0.08,-0.00,0.09
15.186,-0.06,0.20,0.37,0.42
15.196,-0.21,-0.43,0.26,0.54
15.206,-0.03,0.27,0.28,0.39
15.216,0.07,0.06,-0.09,0.13
15.226,0.09,0.77,-0.07,0.78
15.236,0.05,0.13,-0.52,0.54
15.246,0.23,0.49,-0.48,0.73
15.256,0.22,1.61,0.12,1.63
15.266,-0.02,0.05,-0.15,0.16
15.276,0.06,0.09,0.11,0.16
15.286,-0.05,-0.18,0.25,0.31
15.296,-0.09,-0.15,0.23,0.29
15.306,0.15,-0.10,-0.00,0.18
15.316,-0.08,0.85,0.01,0.85
15.326,0.44,0.39,-0.18,0.61
15.336,-0.37,0.91,0.05,0.98
15.346,0.30,0.49,0.21,0.62
15.356,-0.30,-0.39,0.08,0.50
15.366,-0.23,-0.30,0.06,0.39
15.376,0.30,0.47,0.04,0.56
15.386,0.09,0.81,0.02,0.82
15.396,-0.08,0.23,-0.24,0.35
15.406,-0.00,0.49,-0.07,0.49
15.416,-0.01,0.52,0.11,0.53
15.426,-0.11,-0.01,0.03,0.11
15.435,0.14,0.37,0.15,0.42
15.445,-0.06,0.58,0.25,0.63
15.456,-0.06,-0.25,-0.16,0.31
15.465,0.18,0.51,-0.03,0.54
15.475,-0.06,0.66,-0.11,0.67
15.485,0.23,0.66,-0.01,0.70
15.495,-0.08,0.21,-0.07,0.23
15.505,-0.31,-0.10,-0.06,0.33
15.515,0.79,0.96,0.30,1.28
15.525,-0.92,-0.66,-0.19,1.15
15.535,0.66,1.11,0.36,1.34
15.545,-0.22,0.27,0.15,0.38
15.555,-0.13,0.30,0.26,0.41
15.565,-0.40,-1.18,-0.37,1.30
15.575,0.28,1.60,0.22,1.63
15.585,-0.10,0.22,-0.34,0.42
15.595,0.17,0.45,-0.43,0.64
15.605,0.15,1.43,0.19,1.45
15.615,-0.27,-0.39,-0.08,0.48
15.625,0.09,0.63,0.50,0.81
15.635,-0.32,-0.75,0.14,0.82
15.645,0.15,0.23,0.21,0.35
15.655,-0.16,0.44,-0.02,0.47
15.665,0.08,0.50,-0.26,0.57
15.675,0.32,1.13,-0.00,1.18
15.685,-0.22,0.03,-0.32,0.39
15.695,0.06,0.08,-0.13,0.16
15.705,0.21,0.76,0.12,0.80
15.715,-0.09,-0.47,-0.25,0.55
15.725,0.44,1.98,0.57,2.10
15.735,-0.54,-1.60,-0.43,1.74
15.745,0.50,1.48,0.57,1.66
15.755,-0.42,-0.38,0.13,0.59
15.765,-0.14,-0.22,-0.04,0.26
15.775,0.25,0.63,0.05,0.68
15.785,-0.16,0.46,-0.22,0.54
15.795,0.39,0.58,-0.22,0.74
15.805,-0.36,0.12,-0.39,0.55
15.815,0.35,0.98,0.08,1.04
15.825,0.06,0.13,0.01,0.14
15.835,0.08,-0.05,0.24,0.26
15.845,-0.31,0.14,0.34,0.48
15.855,0.30,-0.02,0.35,0.46
15.865,-0.37,0.06,0.13,0.40
15.875,-0.02,0.04,-0.14,0.15
15.885,0.20,1.30,0.04,1.31
15.895,-0.11,-0.27,-0.55,0.62
15.905,0.20,1.32,-0.04,1.33
15.915,-0.12,0.03,-0.29,0.31
15.925,0.05,0.53,0.00,0.54
15.935,0.17,0.32,0.09,0.37
15.945,-0.04,-0.34,-0.12,0.36
15.955,0.24,1.24,0.47,1.34
15.965,-0.39,-0.54,0.05,0.67
15.975,0.21,0.42,0.36,0.59
15.984,-0.11,-0.09,0.19,0.24
15.995,-0.15,0.11,0.04,0.19
16.005,0.21,0.65,0.03,0.68
16.015,-0.23,0.05,-0.39,0.46
16.025,0.38,0.82,-0.25,0.93
16.035,0.11,0.88,-0.18,0.90
16.045,-0.15,0.25,-0.13,0.32
16.055,0.15,0.36,0.20,0.44
16.064,-0.01,0.44,0.52,0.68
16.074,-0.25,-0.95,0.10,0.99
16.084,0.09,0.31,0.30,0.44
16.094,-0.40,0.52,0.10,0.67
16.104,-0.20,0.23,-0.32,0.44
16.115,-0.47,0.83,-0.32,1.00
16.124,-0.54,0.49,-0.47,0.87
16.134,-0.47,1.25,-0.09,1.34
16.144,-0.90,0.43,-0.02,1.00
16.154,-0.60,-0.29,0.00,0.66
16.164,-0.59,0.35,0.41,0.80
16.174,-0.70,-0.22,0.24,0.78
16.184,-1.05,-0.01,0.05,1.05
16.194,-0.56,0.52,-0.05,0.77
16.204,-1.09,0.53,-0.14,1.22
16.214,-0.70,0.77,-0.06,1.04
16.224,-0.96,0.15,-0.14,0.98
16.234,-0.87,0.94,0.38,1.34
16.244,-1.09,-0.21,0.23,1.13
16.254,-1.18,-0.47,0.03,1.27
16.264,-1.28,0.59,0.33,1.45
16.274,-1.24,-0.21,-0.06,1.26
16.284,-1.07,0.75,0.05,1.31
16.294,-1.47,0.23,-0.19,1.50
16.304,-1.06,0.40,-0.33,1.18
16.314,-1.60,0.43,-0.40,1.71
16.324,-1.26,0.90,-0.13,1.55
16.334,-1.34,0.22,-0.19,1.37
16.344,-1.40,0.22,-0.09,1.42
16.354,-1.52,0.35,0.19,1.57
16.364,-1.52,-0.02,0.20,1.54
16.374,-1.65,-0.13,0.21,1.67
16.384,-1.80,0.18,0.21,1.82
16.394,-1.89,-0.02,-0.00,1.89
16.404,-1.64,0.46,-0.01,1.70
16.414,-1.68,0.31,-0.11,1.71
16.424,-1.81,0.48,-0.15,1.88
16.434,-1.70,0.28,-0.16,1.73
16.444,-1.29,0.10,-0.26,1.32
16.454,-1.90,0.13,-0.13,1.91
16.464,-1.85,0.03,-0.04,1.85
16.474,-2.67,0.28,0.06,2.69
16.484,-1.49,0.02,-0.07,1.49
16.494,-2.48,0.11,0.08,2.49
16.504,-1.51,0.16,-0.01,1.52
16.514,-1.04,0.07,-0.04,1.05
16.524,-1.02,0.03,-0.03,1.02
16.534,-1.07,-0.09,0.01,1.08
16.544,-0.52,-0.08,-0.06,0.53
16.554,-0.17,-0.18,-0.11,0.27
16.564,-0.24,-0.11,-0.13,0.30
16.574,-0.16,-0.09,-0.13,0.23
16.584,0.19,-0.05,-0.13,0.23
16.594,-0.10,-0.04,-0.10,0.15
16.604,-0.18,-0.03,-0.05,0.19
16.614,-0.01,-0.03,0.00,0.03
16.624,-0.13,-0.03,-0.00,0.14
16.634,-0.11,-0.02,0.01,0.12
16.644,-0.19,-0.03,-0.03,0.19
16.654,-0.15,0.06,-0.05,0.17
16.664,-0.16,0.05,-0.08,0.19
16.674,-0.13,0.08,-0.08,0.18
16.684,-0.18,0.10,-0.08,0.22
16.694,-0.16,0.11,-0.07,0.21
16.704,-0.21,0.09,-0.05,0.23
16.713,-0.16,0.05,-0.04,0.17
16.723,-0.17,0.02,-0.00,0.17
16.734,-0.37,-0.00,0.01,0.37
16.743,-0.30,-0.02,-0.00,0.30
16.754,-0.33,-0.05,-0.01,0.33
16.763,-0.17,-0.00,-0.00,0.17
16.773,-0.27,-0.04,-0.01,0.27
16.783,-0.10,0.00,-0.00,0.10
16.793,0.01,-0.06,0.01,0.06
16.803,-0.01,-0.05,-0.02,0.06
16.813,-0.05,-0.06,0.01,0.08
16.823,0.05,-0.01,0.07,0.09
16.833,-0.01,-0.06,-0.15,0.16
16.843,0.08,0.01,0.02,0.08
16.853,0.02,-0.09,-0.04,0.10
16.863,0.32,-0.04,-0.05,0.33
16.873,0.19,-0.12,0.08,0.24
16.883,0.27,-0.12,0.08,0.31
16.893,0.15,-0.13,0.01,0.20
16.903,0.06,0.03,0.01,0.07
16.913,0.53,0.05,-0.01,0.54
16.923,0.29,-0.01,0.00,0.29
16.933,0.11,0.01,0.03,0.11
16.943,0.13,0.03,-0.01,0.13
16.953,0.32,-0.00,0.01,0.32
16.963,0.18,0.02,0.02,0.18
16.973,0.23,0.01,0.05,0.23
16.983,0.20,0.03,0.05,0.21
16.993,0.25,0.04,0.03,0.25
17.003,0.26,0.06,0.03,0.27
17.013,0.23,0.05,0.00,0.24
17.023,0.26,0.03,0.03,0.27
17.033,0.23,-0.04,0.01,0.23
17.043,0.24,-0.01,0.02,0.24
17.053,0.18,-0.04,0.02,0.18
17.063,0.21,-0.01,0.02,0.21
17.073,0.18,-0.02,0.01,0.18
17.083,0.19,-0.00,-0.00,0.19
17.093,0.14,-0.02,0.01,0.14
17.103,0.12,-0.03,-0.01,0.13
17.113,0.10,-0.05,-0.01,0.12
17.123,0.05,-0.04,0.00,0.07
17.133,0.03,-0.04,0.01,0.05
17.143,-0.02,-0.05,-0.01,0.05
17.153,-0.03,-0.03,0.01,0.04
17.163,-0.07,-0.02,-0.01,0.07
17.173,-0.08,-0.01,0.00,0.08
17.183,-0.11,-0.02,-0.02,0.11
17.193,-0.09,-0.01,-0.04,0.10
17.203,-0.10,0.00,-0.04,0.11
17.213,-0.11,0.01,-0.04,0.12
17.223,-0.13,0.01,-0.05,0.14
17.233,-0.09,0.01,-0.04,0.10
17.243,-0.11,-0.01,-0.02,0.11
17.253,-0.12,-0.01,-0.00,0.12
17.263,-0.10,-0.01,-0.01,0.10
17.273,-0.11,-0.00,-0.02,0.11
17.283,-0.10,0.01,-0.02,0.10
17.292,-0.10,0.02,-0.04,0.11
17.303,-0.10,0.03,-0.05,0.12
17.313,-0.15,0.01,-0.05,0.16
17.323,-0.14,-0.02,-0.04,0.15
17.333,-0.13,-0.02,-0.01,0.13
17.342,-0.14,-0.03,-0.01,0.14
17.352,-0.13,-0.03,-0.01,0.14
17.362,-0.14,-0.01,-0.02,0.14
17.372,-0.12,0.01,-0.05,0.13
17.382,-0.13,0.02,-0.03,0.14
17.392,-0.12,0.01,-0.03,0.12
17.402,-0.11,-0.03,-0.02,0.11
17.412,-0.12,-0.01,-0.02,0.12
17.422,-0.12,-0.05,-0.00,0.13
17.432,-0.10,-0.01,-0.01,0.10
17.442,-0.06,-0.00,-0.01,0.07
17.452,-0.04,-0.00,-0.02,0.05
17.462,-0.04,0.02,-0.02,0.05
17.472,-0.02,0.01,-0.01,0.02
17.482,-0.01,0.01,-0.01,0.02
17.492,-0.02,-0.01,0.01,0.02
17.502,-0.03,-0.02,-0.00,0.03
17.512,0.09,-0.03,0.01,0.10
17.522,0.05,-0.00,0.01,0.05
17.532,0.20,-0.01,-0.02,0.20
17.542,0.19,0.00,0.01,0.19
17.552,0.14,-0.00,0.01,0.14
17.562,0.17,-0.02,0.00,0.17
17.572,0.16,-0.01,-0.00,0.16
17.582,0.14,-0.01,-0.01,0.14
17.592,0.09,-0.02,0.00,0.10
17.602,0.05,-0.00,-0.01,0.05
17.612,0.04,-0.00,0.00,0.04
17.622,0.01,-0.00,0.01,0.02
17.632,-0.00,-0.01,0.01,0.01
17.642,0.00,-0.00,0.00,0.00
17.652,0.02,0.01,-0.01,0.02
17.662,0.03,-0.00,-0.02,0.04
17.672,0.05,-0.02,-0.00,0.06
17.682,0.07,-0.01,0.02,0.07
17.692,0.06,-0.01,-0.01,0.06
17.702,0.08,-0.02,-0.00,0.08
17.712,0.08,0.00,-0.02,0.08
17.722,0.08,-0.01,-0.02,0.08
17.732,0.06,-0.01,-0.02,0.06
17.742,0.02,-0.03,-0.03,0.05
17.752,-0.04,-0.01,-0.02,0.04
17.762,-0.05,-0.02,-0.01,0.06
17.772,-0.09,-0.00,-0.01,0.09
17.782,-0.11,-0.00,-0.02,0.11
17.792,-0.10,0.01,-0.01,0.10
17.802,-0.12,0.01,-0.02,0.12
17.812,-0.11,-0.01,-0.03,0.11
17.822,-0.12,-0.00,-0.02,0.12
17.832,-0.10,-0.01,-0.02,0.10
17.842,-0.09,-0.01,-0.01,0.09
17.852,-0.09,-0.01,-0.01,0.09
17.862,-0.06,-0.02,-0.01,0.07
17.872,-0.07,0.01,-0.02,0.07
17.882,-0.06,-0.02,-0.02,0.06
17.892,-0.06,-0.01,-0.03,0.07
17.902,-0.05,0.00,-0.02,0.05
17.912,-0.06,-0.01,-0.02,0.07
17.921,-0.06,0.01,-0.01,0.06
17.932,-0.08,0.01,-0.01,0.08
17.942,-0.07,-0.01,-0.03,0.08
17.951,-0.06,0.00,-0.02,0.06
17.961,-0.06,-0.01,-0.02,0.07
17.972,-0.04,-0.01,-0.01,0.04
17.982,-0.01,0.01,0.00,0.01
17.992,-0.01,-0.00,-0.00,0.01
18.001,-0.01,-0.01,-0.01,0.02
18.012,0.01,0.00,-0.02,0.02
18.022,0.04,-0.01,-0.01,0.04
18.032,0.06,-0.00,-0.02,0.07
18.041,0.04,-0.02,-0.02,0.05
18.051,0.05,-0.01,-0.01,0.05
18.061,0.05,-0.01,0.01,0.06
18.071,0.08,-0.01,0.02,0.08
18.081,0.06,-0.01,-0.01,0.06
18.091,0.04,-0.01,-0.00,0.04
18.101,0.05,-0.01,-0.01,0.05
18.111,0.04,0.00,0.00,0.04
18.121,0.05,-0.00,-0.01,0.05
18.131,0.03,-0.00,0.00,0.03
18.141,0.04,-0.01,0.00,0.04
18.151,0.03,-0.02,-0.01,0.04
18.161,0.04,-0.01,-0.01,0.05
18.171,0.04,-0.01,-0.01,0.04
18.181,0.02,-0.00,0.01,0.02
18.191,0.04,0.00,-0.01,0.04
18.201,0.03,-0.00,-0.01,0.04
18.211,0.00,-0.01,-0.01,0.01
18.221,0.01,-0.00,-0.02,0.02
18.231,-0.01,-0.01,-0.01,0.02
18.241,-0.03,-0.01,-0.01,0.03
18.251,-0.03,-0.02,-0.02,0.04
18.261,-0.01,-0.01,-0.01,0.02
18.271,-0.05,-0.00,-0.02,0.05
18.281,-0.04,-0.01,-0.01,0.05
18.291,-0.05,-0.00,-0.02,0.05
18.301,-0.05,-0.02,-0.02,0.06
18.311,-0.05,-0.01,-0.01,0.05
18.321,-0.06,-0.02,-0.01,0.07
18.331,-0.07,-0.01,-0.02,0.07
18.341,-0.06,-0.00,-0.02,0.07
18.351,-0.06,0.00,-0.02,0.06
18.361,-0.05,-0.01,-0.02,0.05
18.371,-0.05,0.00,-0.02,0.05
18.381,-0.05,0.00,-0.01,0.05
18.391,-0.05,0.00,-0.01,0.05
18.401,-0.05,0.00,-0.01,0.05
18.411,-0.04,-0.02,-0.02,0.05
18.421,-0.04,-0.02,-0.00,0.04
18.431,-0.05,-0.01,-0.02,0.05
18.441,-0.03,0.00,-0.00,0.03
18.451,-0.02,-0.00,-0.02,0.03
18.461,-0.02,-0.00,-0.02,0.03
18.471,-0.01,-0.01,-0.01,0.02
18.481,0.00,-0.01,-0.02,0.03
18.491,0.01,-0.01,0.01,0.02
18.501,0.01,-0.02,-0.01,0.02
18.511,0.01,-0.02,-0.01,0.02
18.521,0.02,0.00,-0.01,0.03
18.531,0.03,-0.01,-0.01,0.03
18.541,0.03,-0.01,-0.01,0.04
18.551,0.03,-0.00,0.00,0.03
18.560,0.03,0.01,-0.01,0.03
18.571,0.03,-0.01,0.00,0.03
18.580,0.05,-0.02,0.00,0.05
18.591,0.04,-0.01,-0.01,0.05
18.601,0.05,0.00,-0.00,0.05
18.610,0.04,0.01,-0.02,0.04
18.620,0.04,-0.02,-0.01,0.05
18.631,0.03,-0.01,-0.01,0.03
18.640,0.03,0.00,-0.01,0.03
18.650,0.02,-0.01,-0.02,0.03
18.660,0.00,-0.01,-0.02,0.02
18.670,0.01,-0.01,-0.02,0.02
18.680,0.02,-0.01,0.00,0.02
18.690,0.00,-0.00,-0.01,0.01
18.700,-0.00,-0.02,-0.02,0.03
18.710,-0.01,0.01,-0.00,0.01
18.720,-0.01,-0.01,0.00,0.01
18.730,-0.02,-0.01,0.00,0.02
18.740,-0.03,-0.00,-0.03,0.05
18.750,-0.02,-0.02,-0.03,0.04
18.760,-0.02,-0.01,-0.02,0.03
18.770,-0.04,-0.02,-0.02,0.05
18.780,-0.04,-0.00,-0.02,0.05
18.790,-0.04,0.00,-0.01,0.04
18.800,-0.03,0.01,-0.01,0.04
18.810,-0.05,0.01,-0.00,0.05
18.820,-0.05,-0.01,-0.02,0.06
18.830,-0.05,-0.01,-0.01,0.06
18.840,-0.04,-0.00,-0.00,0.04
18.850,-0.04,-0.00,-0.00,0.04
18.860,-0.04,0.00,-0.02,0.04
18.870,-0.03,-0.01,-0.02,0.04
18.880,-0.03,-0.01,-0.02,0.04
18.890,-0.04,-0.01,-0.02,0.04
18.900,-0.02,0.00,-0.01,0.02
18.910,-0.01,0.01,-0.02,0.02
18.920,-0.00,-0.01,-0.01,0.01
18.930,-0.01,-0.01,-0.02,0.03
18.940,0.01,0.00,-0.01,0.02
18.950,-0.02,-0.00,-0.01,0.02
18.960,-0.01,-0.01,-0.02,0.02
18.970,-0.01,-0.02,-0.01,0.03
18.980,-0.00,-0.01,-0.01,0.01
18.990,0.02,-0.00,-0.02,0.03
19.000,0.00,-0.00,-0.01,0.01
19.010,0.01,-0.01,-0.00,0.02
19.020,0.04,-0.02,0.01,0.04
19.030,0.03,-0.02,-0.02,0.04
19.040,0.01,0.00,-0.01,0.02
19.050,0.03,-0.01,-0.00,0.03
19.060,0.02,-0.01,-0.02,0.03
19.070,0.02,-0.00,-0.01,0.02
19.080,0.02,-0.00,-0.01,0.03
19.090,0.04,0.01,-0.02,0.04
19.100,0.01,-0.01,-0.02,0.02
19.110,0.01,0.00,-0.01,0.01
19.120,0.00,-0.01,-0.00,0.01
19.130,0.00,-0.02,-0.01,0.02
19.140,0.01,-0.02,-0.01,0.02
19.150,-0.00,-0.01,0.01,0.01
19.160,0.02,0.00,-0.00,0.03
19.170,0.00,-0.01,-0.02,0.02
19.179,0.01,-0.02,-0.02,0.03
19.190,-0.01,-0.01,-0.01,0.02
19.200,-0.02,0.01,-0.02,0.03
19.210,-0.03,0.01,-0.02,0.04
19.220,-0.04,-0.01,-0.01,0.04
19.230,-0.04,-0.00,-0.01,0.04
19.239,-0.03,-0.00,-0.01,0.03
19.250,-0.03,-0.01,0.00,0.03
19.259,-0.04,-0.01,0.01,0.04
19.269,-0.03,-0.00,0.01,0.03
19.279,-0.03,0.01,-0.02,0.04
19.289,-0.03,0.01,-0.01,0.03
19.299,-0.04,0.00,-0.01,0.04
19.309,-0.03,-0.00,-0.01,0.03
19.319,-0.02,-0.01,-0.01,0.02
19.329,-0.02,-0.01,-0.02,0.03
19.339,-0.04,0.01,-0.02,0.05
19.349,-0.03,-0.01,-0.00,0.03
19.359,-0.02,-0.00,-0.01,0.02
19.369,-0.02,-0.00,-0.00,0.02
19.379,-0.00,0.01,-0.01,0.01
19.389,-0.01,-0.01,-0.01,0.01
19.399,-0.01,0.00,-0.03,0.03
19.409,-0.01,-0.01,-0.00,0.02
19.419,0.00,-0.01,-0.00,0.01
19.429,-0.00,0.01,-0.00,0.01
19.439,-0.00,-0.01,-0.01,0.01
19.449,0.02,-0.01,-0.01,0.02
19.459,-0.01,0.01,-0.02,0.03
19.469,0.02,-0.01,0.00,0.03
19.479,-0.01,-0.01,-0.02,0.02
19.489,0.02,-0.01,0.01,0.02
19.499,-0.00,0.01,-0.01,0.01
19.509,0.00,0.01,-0.01,0.02
19.519,0.01,-0.00,-0.02,0.02
19.529,-0.01,0.00,0.00,0.01
19.539,0.00,0.01,0.00,0.01
19.549,-0.01,-0.01,-0.01,0.02
19.559,0.02,-0.01,-0.02,0.03
19.569,0.03,-0.01,-0.01,0.03
19.579,0.03,-0.02,-0.01,0.03
19.589,0.03,-0.01,-0.00,0.03
19.599,0.02,-0.01,-0.01,0.02
19.609,0.02,0.00,-0.01,0.02
19.619,0.01,-0.01,-0.01,0.02
19.629,0.02,-0.01,-0.02,0.03
19.639,0.00,-0.03,-0.03,0.04
19.649,0.01,-0.01,-0.01,0.01
19.659,-0.00,-0.02,-0.02,0.03
19.669,-0.01,0.01,-0.01,0.01
19.679,-0.01,-0.00,-0.03,0.03
19.689,0.01,-0.00,-0.03,0.03
19.699,-0.01,0.00,0.00,0.01
19.709,-0.02,-0.02,-0.00,0.03
19.719,-0.04,-0.01,-0.02,0.04
19.729,-0.06,0.00,-0.02,0.06
19.739,-0.03,0.01,-0.02,0.04
19.749,-0.05,0.02,-0.03,0.06
19.759,-0.06,0.03,-0.01,0.07
19.769,-0.04,0.03,-0.01,0.05
19.779,-0.04,0.01,-0.01,0.04
19.789,-0.01,-0.00,-0.00,0.01
19.799,-0.03,-0.01,-0.01,0.03
19.809,-0.02,-0.00,-0.01,0.02
19.819,-0.03,-0.00,-0.01,0.03
19.829,-0.01,0.00,-0.00,0.01
19.839,0.01,0.01,-0.01,0.01
19.849,-0.01,-0.00,-0.02,0.02
19.858,-0.01,-0.01,-0.01,0.02
19.869,-0.02,0.00,-0.01,0.02
19.878,-0.04,-0.01,-0.02,0.05
19.888,0.02,-0.00,-0.02,0.03
19.898,-0.01,-0.01,-0.03,0.03
19.908,0.01,-0.00,-0.01,0.01
19.919,0.00,-0.01,-0.03,0.03
19.928,0.03,-0.02,-0.03,0.04
19.938,0.03,-0.02,-0.02,0.04
19.948,0.01,-0.00,-0.01,0.02
19.958,0.01,-0.01,-0.01,0.02
19.968,0.00,-0.01,-0.02,0.02
19.978,0.01,0.01,0.00,0.01
19.988,0.02,-0.01,0.00,0.02
19.998,-0.00,0.00,0.00,0.00
20.008,0.03,-0.01,-0.01,0.03
20.018,0.01,-0.01,-0.01,0.01
20.028,0.01,0.01,-0.02,0.03
20.038,0.01,-0.00,0.01,0.01
20.048,0.00,-0.00,-0.01,0.01
20.058,-0.00,0.00,-0.01,0.01
20.068,0.00,-0.01,-0.01,0.01
20.078,-0.02,0.01,-0.01,0.03
20.088,-0.02,-0.00,-0.02,0.03
20.098,-0.02,-0.01,-0.01,0.02
20.108,-0.02,0.00,-0.01,0.02
20.118,0.00,0.01,0.00,0.01
20.128,0.00,0.01,-0.01,0.02
20.138,-0.00,0.00,-0.01,0.01
20.148,-0.01,-0.01,-0.01,0.02
20.158,-0.04,0.00,0.01,0.04
20.168,-0.02,-0.00,-0.00,0.02
20.178,-0.03,0.00,-0.00,0.03
20.188,-0.01,0.02,-0.02,0.03
20.198,-0.02,0.01,-0.03,0.04
20.208,-0.03,-0.00,-0.00,0.03
20.218,-0.04,0.00,-0.01,0.04
20.228,-0.05,-0.00,-0.02,0.06
20.238,-0.06,0.01,0.00,0.06
20.248,-0.07,0.00,-0.01,0.07
20.258,-0.08,0.02,-0.02,0.08
20.268,-0.10,0.05,-0.03,0.11
20.278,-0.10,0.03,-0.02,0.10
20.288,-0.10,0.02,-0.02,0.10
20.298,-0.10,-0.02,0.01,0.10
20.308,-0.09,-0.01,0.00,0.09
20.318,-0.06,-0.01,-0.01,0.06
20.328,-0.06,0.02,-0.02,0.07
20.338,-0.03,0.06,-0.02,0.07
20.348,-0.03,0.02,-0.02,0.04
20.358,-0.03,0.02,-0.03,0.04
20.368,-0.03,-0.01,-0.00,0.03
20.378,-0.03,-0.02,-0.01,0.04
20.388,-0.03,-0.01,0.01,0.04
20.398,-0.06,0.00,-0.00,0.06
20.408,-0.04,0.01,-0.03,0.05
20.418,-0.02,0.01,-0.01,0.03
20.428,-0.02,0.00,-0.01,0.03
20.438,-0.00,-0.00,-0.02,0.02
20.448,0.03,0.00,0.01,0.03
20.458,0.02,-0.02,0.00,0.03
20.468,0.02,-0.02,-0.01,0.03
20.478,-0.02,-0.01,-0.01,0.02
20.488,-0.02,0.01,-0.01,0.02
20.497,-0.02,0.03,-0.01,0.04
20.508,-0.03,0.01,-0.01,0.03
20.517,-0.10,0.01,-0.00,0.10
20.528,-0.02,-0.05,0.02,0.05
20.537,-0.04,-0.02,-0.01,0.05
20.547,0.03,0.03,-0.00,0.04
20.557,0.02,-0.01,-0.03,0.04
20.567,0.11,0.01,-0.01,0.12
20.577,0.10,-0.02,-0.01,0.11
20.587,0.14,-0.04,0.01,0.15
20.597,0.12,-0.02,-0.00,0.12
20.607,0.12,-0.06,0.00,0.13
20.617,0.11,-0.01,-0.02,0.12
20.627,0.07,-0.01,-0.02,0.07
20.637,0.03,-0.02,-0.00,0.04
20.648,0.01,-0.01,-0.01,0.02
20.657,-0.04,-0.01,0.00,0.04
20.667,-0.04,-0.02,-0.01,0.04
20.677,-0.08,-0.01,0.00,0.08
20.687,-0.06,-0.00,0.00,0.06
20.697,-0.05,0.00,-0.00,0.05
20.707,-0.04,0.04,-0.02,0.06
20.717,0.00,0.03,-0.04,0.04
20.727,-0.00,0.02,-0.02,0.03
20.737,0.03,0.01,-0.00,0.03
20.747,0.04,-0.00,0.01,0.04
20.757,0.03,-0.01,0.01,0.03
20.767,0.03,-0.01,0.00,0.03
20.777,-0.01,0.01,-0.03,0.03
20.787,0.01,0.01,-0.04,0.04
20.797,-0.03,0.02,-0.00,0.03
20.807,-0.06,-0.01,-0.03,0.07
20.817,-0.03,-0.00,-0.02,0.03
20.827,-0.07,-0.03,-0.01,0.07
20.837,-0.06,-0.00,-0.00,0.06
20.847,-0.07,0.02,-0.02,0.08
20.857,-0.07,0.01,-0.03,0.08
20.867,-0.07,0.03,-0.01,0.07
20.877,-0.04,-0.02,-0.01,0.05
20.887,-0.02,-0.01,0.00,0.02
20.897,-0.00,-0.02,-0.01,0.02
20.907,-0.02,-0.01,-0.01,0.02
20.917,0.00,0.00,-0.02,0.02
20.927,0.02,0.02,-0.02,0.03
20.937,0.00,0.03,-0.01,0.03
20.947,0.03,-0.00,-0.01,0.03
20.957,-0.02,0.02,0.00,0.03
20.967,-0.04,0.01,-0.01,0.04
20.977,-0.05,0.03,-0.01,0.06
20.987,-0.05,0.01,-0.00,0.05
20.997,-0.04,0.01,0.02,0.05
21.007,-0.03,-0.01,-0.01,0.03
21.017,-0.03,-0.01,-0.00,0.03
21.027,0.01,0.02,-0.02,0.03
21.037,0.04,0.01,-0.01,0.04
21.047,-0.00,-0.00,-0.00,0.00
21.057,0.03,-0.02,-0.01,0.04
21.067,0.05,-0.00,-0.01,0.05
21.077,0.02,-0.01,-0.01,0.03
21.087,0.04,0.00,-0.01,0.04
21.097,0.04,-0.01,-0.03,0.05
21.107,-0.02,0.03,-0.01,0.04
21.116,0.04,-0.01,-0.00,0.04
21.126,0.01,-0.01,-0.01,0.02
21.137,-0.03,-0.00,0.00,0.03
21.146,-0.00,-0.00,-0.01,0.01
21.156,0.00,0.01,0.02,0.02
21.166,-0.00,0.02,-0.01,0.02
21.176,-0.02,0.03,-0.01,0.04
21.186,0.03,0.01,-0.02,0.03
21.196,0.01,-0.01,-0.02,0.02
21.206,-0.02,-0.00,0.01,0.02
21.216,-0.02,-0.00,0.01,0.02
21.226,-0.01,0.01,-0.01,0.02
21.236,-0.04,0.00,-0.02,0.04
21.246,-0.01,-0.01,-0.03,0.03
21.256,-0.07,0.03,-0.01,0.08
21.266,-0.00,-0.01,-0.01,0.02
21.276,-0.05,0.01,0.01,0.05
21.286,-0.05,0.01,-0.01,0.05
21.296,0.01,-0.01,-0.00,0.01
21.306,-0.05,0.00,-0.02,0.06
21.316,-0.00,0.01,-0.02,0.02
21.326,-0.06,0.01,-0.02,0.06
21.336,-0.02,-0.02,-0.00,0.03
21.346,-0.02,-0.00,-0.01,0.03
21.356,-0.04,-0.01,-0.00,0.04
21.366,-0.02,0.00,-0.03,0.04
21.376,-0.03,0.02,-0.02,0.04
21.386,-0.02,0.01,-0.01,0.03
21.396,-0.03,0.02,0.00,0.03
21.406,-0.01,0.02,-0.01,0.02
21.416,-0.03,0.01,-0.01,0.03
21.426,-0.01,-0.00,-0.01,0.02
21.436,0.00,0.02,-0.00,0.02
21.446,-0.01,0.00,0.00,0.01
21.456,0.01,0.00,-0.00,0.01
21.466,-0.01,0.01,-0.00,0.01
21.476,0.02,-0.00,-0.02,0.03
21.486,-0.00,0.01,-0.01,0.02
21.496,0.00,-0.00,-0.02,0.02
21.506,-0.00,0.01,-0.02,0.02
21.516,-0.02,0.01,-0.02,0.03
21.526,-0.00,-0.00,-0.01,0.01
21.536,-0.00,-0.01,-0.00,0.01
21.546,0.02,0.01,-0.01,0.02
21.556,-0.00,0.01,-0.00,0.01
21.566,0.03,0.01,-0.01,0.03
21.576,-0.00,0.00,-0.01,0.01
21.586,0.01,-0.01,-0.01,0.02
21.596,0.03,0.02,-0.02,0.04
21.606,0.00,0.02,-0.02,0.02
21.616,0.02,0.00,-0.02,0.03
21.626,-0.01,-0.00,-0.01,0.01
21.636,-0.01,-0.01,-0.01,0.01
21.646,-0.01,0.01,-0.01,0.02
21.656,-0.01,0.02,-0.02,0.03
21.666,-0.02,0.02,-0.02,0.04
21.676,-0.02,0.01,-0.01,0.02
21.686,-0.01,0.01,-0.01,0.02
21.696,-0.05,-0.00,-0.00,0.05
21.706,-0.02,-0.00,-0.01,0.03
21.716,-0.04,0.02,-0.01,0.05
21.726,-0.04,0.01,-0.01,0.04
21.736,-0.02,0.02,-0.01,0.03
21.746,-0.03,0.02,-0.01,0.04
21.756,-0.03,0.02,-0.02,0.04
21.766,-0.02,-0.00,-0.00,0.02
21.775,-0.02,0.01,-0.02,0.03
21.786,-0.01,0.00,-0.01,0.02
21.796,-0.02,0.00,-0.01,0.03
21.806,-0.02,0.02,-0.02,0.04
21.815,-0.02,0.01,0.00,0.02
21.826,-0.02,0.01,-0.02,0.03
21.835,-0.05,0.01,-0.01,0.05
21.845,-0.02,0.00,-0.01,0.02
21.856,-0.02,0.01,-0.01,0.03
21.866,-0.03,0.01,-0.00,0.04
21.875,-0.03,0.00,-0.01,0.03
21.886,-0.02,0.00,-0.02,0.02
21.895,-0.02,0.01,-0.01,0.02
21.905,-0.02,0.02,-0.01,0.02
21.915,-0.01,0.01,-0.01,0.02
21.925,-0.00,-0.00,0.00,0.01
21.935,0.01,-0.00,-0.01,0.01
21.945,-0.00,0.01,-0.00,0.01
21.955,-0.01,-0.01,0.00,0.02
21.965,0.00,0.01,-0.00,0.01
21.975,0.01,0.00,-0.00,0.01
21.985,0.01,0.01,-0.01,0.01
21.995,-0.00,-0.00,0.01,0.01
22.005,0.01,-0.00,-0.02,0.02
22.015,0.01,0.00,-0.01,0.02
22.025,0.01,0.01,-0.01,0.01
22.035,-0.00,0.02,0.00,0.02
22.045,0.02,0.01,0.01,0.02
22.055,-0.02,0.01,-0.01,0.03
22.065,0.01,0.00,-0.01,0.01
22.075,-0.00,0.01,0.01,0.02
22.085,0.01,0.00,-0.00,0.01
22.095,-0.01,0.00,-0.01,0.01
22.105,-0.01,0.01,-0.01,0.02
22.115,-0.03,-0.00,-0.01,0.03
22.125,-0.01,0.00,0.00,0.02
22.135,-0.03,0.01,-0.01,0.03
22.145,-0.02,-0.00,0.00,0.02
22.155,-0.01,0.01,0.01,0.02
22.165,-0.01,0.00,-0.01,0.01
22.175,-0.04,0.01,-0.01,0.04
22.185,-0.03,0.01,-0.01,0.04
22.195,-0.02,0.00,-0.01,0.02
22.205,-0.03,0.00,-0.00,0.03
22.215,-0.02,-0.01,-0.01,0.02
22.225,-0.03,0.01,-0.01,0.03
22.235,-0.02,0.01,-0.01,0.02
22.245,-0.02,0.02,-0.02,0.04
22.255,-0.02,0.02,-0.02,0.03
22.265,-0.00,0.01,-0.00,0.01
22.275,-0.01,-0.01,-0.00,0.01
22.285,-0.03,-0.00,-0.01,0.03
22.295,-0.01,0.00,-0.01,0.01
22.305,-0.01,0.01,-0.02,0.03
22.315,0.00,0.03,-0.02,0.03
22.325,-0.01,0.01,-0.02,0.03
22.335,-0.02,-0.01,-0.01,0.03
22.345,0.00,-0.01,-0.01,0.02
22.355,0.01,0.00,-0.01,0.01
22.365,-0.01,0.00,-0.00,0.02
22.375,0.01,0.01,0.00,0.01
22.385,0.00,0.01,-0.00,0.01
22.395,-0.01,0.01,-0.01,0.02
22.405,-0.01,-0.01,-0.01,0.02
22.415,-0.01,0.00,-0.00,0.01
22.425,0.00,-0.01,-0.01,0.01
22.435,-0.00,-0.00,-0.00,0.01
22.445,0.02,0.00,-0.00,0.02
22.455,0.01,0.00,-0.02,0.02
22.465,0.01,0.01,-0.01,0.02
22.474,0.00,-0.02,-0.02,0.03
22.484,-0.01,0.00,-0.01,0.01
22.494,0.00,0.00,-0.01,0.01
22.505,-0.02,0.00,-0.00,0.02
22.514,-0.01,0.01,-0.01,0.02
22.524,-0.01,0.01,-0.01,0.01
22.534,-0.02,0.00,-0.01,0.02
22.544,-0.02,0.00,0.03,0.04
22.554,-0.00,0.04,-0.05,0.06
22.564,-0.02,0.01,-0.01,0.02
22.574,-0.01,0.01,-0.00,0.01
22.584,-0.01,-0.00,-0.01,0.01
22.594,-0.01,0.00,-0.00,0.02
22.604,-0.01,0.01,0.00,0.02
22.614,-0.01,0.01,-0.01,0.02
22.624,-0.03,0.01,-0.01,0.03
22.634,-0.01,0.01,-0.01,0.02
22.644,-0.02,0.01,-0.02,0.03
22.654,-0.03,0.00,-0.02,0.03
